menu_start_game_0|바이킹 컨퀘스트에 오신 것을 환영합니다.
mno_continue_i|계속...
mno_continue_cheat|튜토리얼 건너뛰기.
mno_go_back_dot|돌아가기.
menu_start_game_3|시나리오를 선택하세요.
mno_go_back|돌아가기.
menu_tutorial|현지인들이 무기를 연습하고 있는 벌판에 다가갑니다. 이곳에서 훈련하여 당신의 전투 기술을 향상시킬 수 있습니다.
mno_continue|계속.
menu_reports|캐릭터 명성: {reg5}^명예 등급: {reg6}^부대 사기: {reg8}^부대 규모 제한: {reg7}^
mno_resume_travelling|여행 계속하기.
menu_start_phase_2x|뒤로
mno_town_4|계속하기.
menu_custom_battle_end|전투가 종료되었습니다. {s1} 아군은 이번 전투에서 {reg5}명의 적을 사살하고 {reg6}명의 병사를 잃었습니다. 당신은 개인적으로 {reg7}명을 격퇴했습니다.
menu_start_game_2|바이킹 컨퀘스트에 오신 것을 환영합니다.
menu_start_game_1|바이킹 컨퀘스트에 오신 것을 환영합니다.
menu_start_game_11|종료하시겠습니까?
menu_start_game_4|게임이 시작되면 선택 사항을 바꾸실 수 없습니다. 이대로 진행하시겠습니까?
mno_back|돌아갑니다.
menu_camp|야영지를 세웠습니다. 무엇을 하고 싶습니까?
mno_camp_action|행동을 취합니다.
mno_camp_wait_here|여기서 잠시 기다립니다.
menu_camp_action_rest|야영을 하면 부하들이 잠시 휴식을 취하며 고된 여행의 피로를 회복할 수 있습니다. 또한 식량을 구하게 하여 식량 공급을 늘릴 수 있습니다. 이는 보급품을 구매하기 어려운 적지에서 작전할 때 특히 도움이 됩니다.
menu_build_refuge_new|부하들이 은신처 건설을 시작하라는 명령이 내려지기만을 기다리고 있습니다. 은신처를 세우기에 충분한 자재를 모았고, 부족한 자원이 있다면 주변 마을에서 구매할 수 있습니다.^^총 비용: 1000 페닝.^소요 시간: 6 시간.
mno_refuge_here|명령을 내립니다.
menu_camp_cheat|치트 선택:
mno_camp_cheat_find_item|항목 찾기...
mno_testing_cheats|치트 빠르게 사용하기.
mno_back_to_camp_menu|야영지 메뉴로 돌아갑니다.
menu_cheat_testing_cheats1|치트 선택:
menu_storyline_cheat|치트 선택:
menu_camp_action|행동 선택:
mno_toggle_cheat_on| 치트 메뉴 활성화.
mno_toggle_cheat_off| 치트 메뉴 비활성화.
menu_camp_recruit_prisoners|포로들에게 당신의 병사로 합류하는 것에 동의한다면 자유를 주겠다고 제안합니다. {s18}
mno_camp_recruit_prisoners_accept|그들을 받아들입니다.
mno_camp_recruit_prisoners_half|그들의 절반만 받아들입니다.
mno_camp_recruit_prisoners_reject|그들을 거부합니다.
menu_camp_no_prisoners|영입할 포로가 없습니다.
menu_camp_action_read_book|읽을 책 선택:
menu_retirement_verify|모험을 시작한 지 {reg0}일째입니다. 당신의 현재 행운은 {reg1}입니다. 은퇴하시겠습니까?
mno_yes_dot|예.
mno_no_dot|아니오.
menu_end_game|결정이 내려졌고, 당신은 모험가로서의 삶을 포기하고 정착하기로 결심했습니다. 당신은 무기와 갑옷을 팔고 모든 돈을 챙겨 석양 속으로 사라집니다....
mno_end_game_bye|안녕히 가십시오.
menu_cattle_herd|소 떼와 마주쳤습니다.
mno_cattle_drive_away|소를 앞으로 몹니다.
mno_cattle_stop|소 떼를 멈춥니다.
mno_cattle_kill|동물 중 일부를 도살합니다.
mno_leave|떠납니다.
menu_cattle_herd_kill|몇 마리를 도살하시겠습니까?
mno_cattle_kill_1|한 마리.
mno_cattle_kill_2|두 마리.
mno_cattle_kill_3|세 마리.
mno_cattle_kill_4|네 마리.
mno_cattle_kill_5|다섯 마리.
mno_cattle_kill_20|스무 마리.
menu_arena_duel_fight|결투는 매우 위험한 일입니다. 특히 목숨이 걸린 일이니 말이죠. 결투장에 들어간 두 사람 중 오직 한 사람만이 나올 것입니다...^^당신의 마음과 몸은 스트레스와 위험에 반응했고, 당신은 당신의 겨드랑이에서 식은 땀과 뜨거운 땀이 같이 흘러내리는 것을 느꼈습니다. 이 땀의 존재는 당신이 싸울 준비가 되어 있음을 나타내는 것이었습니다.
menu_simple_encounter|{s2} 당신은 {reg11}명의 적군에 맞서 싸울 준비가 된 {reg10}명의 병력을 보유하고 있습니다.^^{s7}
mno_playerambush_attack|매복 공격!
mno_ambush_attack|매복 방어!
mno_encounter_attack|{s7} 당신의 적들을 공격합니다.
mno_encounter_deploy|대형을 구성한 채로 전투를 시작합니다.
mno_encounter_order_attack|당신 없이 공격하라고 아군에게 명령합니다.
mno_tactical_nuevo|지휘관 옵션.
mno_encounter_retreat|후퇴하며, 추격을 차단하기 위해 일부 병사를 남겨둡니다.
mno_encounter_surrender|항복합니다.
menu_encounter_retreat_confirm|가장 높은 전술 숙련도({reg2})를 가진 부대원으로서, {reg3?당신은:{s3}은(는)}} 당신과 부하들이 다치지 않고 탈출할 수 있는 계획을 고안해냈지만, 적의 추격을 막기 위해 {reg4}명의 병사를 뒤에 남겨야만 합니다.
mno_leave_behind|그렇게 한다. 이들의 희생이 나머지를 구할 것입니다.
mno_dont_leave_behind|아니오. 전우를 버려둔 채 떠날 수 없습니다.
menu_encounter_retreat|당신은 {reg4}명의 병사들에게 당신과 다른 이들이 도망갈 수 있도록 적을 붙잡아두라고 지시합니다.
menu_order_attack_begin|당신의 병사들이 적을 공격할 준비를 완료했습니다.
mno_order_attack_begin|공격을 시작하라고 명령합니다.
mno_call_back|그들을 다시 불러들입니다.
menu_order_attack_2|{s4}^^아군 사상자: {s8}^^적군 사상자: {s9}
mno_order_attack_continue|병사들에게 공격을 계속하라고 명령합니다.
mno_order_retreat|병사들을 다시 불러들입니다.
menu_battle_debrief|{s11}^^아군 사상자: {s8}{s10}^^적군 사상자: {s9}^^{s3}
menu_total_victory|당신은 이것을 읽고 있어서는 안 됩니다... {s9}
menu_pre_join|{s2}와(과) {s1} 사이의 전투 현장을 발견했습니다. 당신의 결정은...
mno_pre_join_help_attackers|{s2}의 군대에 가세합니다.
mno_pre_join_help_defenders|{s1}의 군대에 가세합니다.
mno_pre_join_leave|관여하지 않습니다.
menu_join_battle|당신은 {s1}에 맞서 {s2}을(를) 돕고 있습니다. 당신은 {reg11}명의 적군에 맞서 싸울 수 있는 {reg10}명의 병력을 보유하고 있습니다.
mno_join_attack|{s7} 당신의 적들을 공격합니다.
mno_join_order_attack|당신이 뒤에 있는 동안 동맹군과 함께 공격하라고 명령합니다.
menu_join_order_attack|{s4}^^아군 사상자: {s8}^^동맹군 사상자: {s9}^^적군 사상자: {s10}
menu_zendar|젠다르 마을에 들어왔습니다.
mno_zendar_enter|
mno_zendar_enter_door|마을 거리로 가는 입구.
mno_zendar_tavern|
mno_zendar_tavern_door|선술집 입구.
mno_zendar_merchant|
mno_zendar_merchant_door|상점 입구.
mno_zendar_arena|
mno_zendar_arena_door|투기장 입구.
mno_town_1_leave|
menu_salt_mine|소금 광산에 들어갑니다.
mno_enter|들어갑니다.
menu_four_ways_inn|네 갈래 길 여관에 도착했습니다.
menu_test_scene|테스트 장면에 들어왔습니다.
menu_quarry1|채석장에 도착했습니다. 여러 자유민이 일하는 가운데 수레와 곡괭이 소리가 주변을 가득 메우고 있습니다.
menu_salt_mine_vc|소금 광산에 도착했습니다. 여러 자유민이 일하는 가운데 수레와 삽 소리가 주변을 가득 메우고 있습니다.
menu_lumber_camp|목재 야영지에 도착했습니다. 몇몇 자유민이 일하는 가운데 도끼와 톱 소리가 주변을 가득 메우고 있습니다.
menu_farmstead_special|농가에 도착했습니다. 농가는 농산물과 식료품의 원천이므로 그런 물건들이 이곳에서 더 저렴합니다.^^{s10}
mno_take_cattlefs|소 일부를 도살한다.
menu_hadrian_wall1|당신은 하드리아누스 황제의 장벽이 있었던 유적에 도착했습니다.
menu_celidon_forest|당신 앞에는 과거의 신비로운 에너지를 뿜어내는 듯한 기이한 장소가 놓여 있습니다.
menu_hidden_valley|로마 유적처럼 보이는 기이한 장소에 도착했습니다. 당신이 탐험을 시작하자 부하들은 당신 뒤편에 야영지를 세웁니다...
mno_enter_hv|주변을 살펴본다.
menu_join_siege_outside|{s1}이(가) {s2}에 의해 포위되었습니다.
mno_approach_besiegers|공성 야영지에 접근합니다.
mno_pass_through_siege|공성 진영을 지나 {s1}(으)로 갑니다.
menu_cut_siege_without_fight|포위자들은 당신이 아무런 제지 없이 성문에 다가가는 것을 허용했습니다.
menu_besiegers_camp_with_allies|{s1}은(는) 계속 포위된 상태입니다. 당신과 부하들을 환영하는 포위자들의 야영지 위로 {s2}의 깃발이 펄럭입니다.
mno_talk_to_siege_commander|지휘관과의 면담을 요청합니다.
mno_join_siege_with_allies|다음 총공격에 합류합니다.
mno_join_siege_stay_back|당신 없이 다음 총공격에 참여하라고 부대원들에게 명령합니다.
menu_castle_outside|당신은 {s2} 외곽에 있습니다. {s11} {s3} {s4}
mno_approach_gates|성문에 다가가 보초를 부릅니다.
mno_town_sneak|변장을 하고 {s7} 안으로 잠입을 시도합니다.
mno_castle_start_siege|{reg6?도시를:요새를} 포위합니다.
menu_castle_guard|성문에 접근합니다. 성벽 위의 병사들이 당신을 면밀히 지켜봅니다.^^{s10}
mno_request_shelter|성안으로 들어갈 수 있게 해달라고 요청합니다.
mno_request_meeting_commander|누군가와의 면담을 요청합니다.
menu_castle_entry_granted|잠시 기다린 후, 보초들이 당신을 위해 성문을 열고 당신의 일행이 안으로 들어오는 것을 허용합니다.
menu_castle_entry_denied|이 성의 영주는 당신이 이 성벽 안으로 들어오는 것을 금지했으며, 보초장은 당신이 더 가까이 오려 한다면 그의 부하들이 사격할 것이라고 알립니다.
menu_castle_meeting|누구를 만나고 싶습니까?
mno_forget_it|잊어버리십시오.
menu_castle_meeting_selected|면담 요청이 안으로 전달되었고, 마침내 {s6}이(가) 당신과 대화하기 위해 안뜰에 나타납니다.
menu_port_attack|당신은 {s1} 항구를 공격하고 있습니다. 당신은 {reg11}명의 적군에 맞서 싸울 수 있는 {reg10}명의 병력을 보유하고 있습니다.
mno_lead_attack|병사들을 이끌고 해안 상륙 공격을 가합니다.
mno_attack_stay_back|당신이 뒤에 머무는 동안 병사들에게 공격을 명령합니다...
mno_abandon_attack|공격을 중단합니다.
menu_castle_besiege|당신은 {s4}을(를) 포위 공격하고 있습니다. {s2} ^^{s15} {s16} {s17} {s18} {s19} {s20} {s21} {s22}
mno_siege_request_meeting|성의 지휘관과의 회담을 요청합니다.
mno_siege_warfare_p|공성 전략 (공성 계획).
mno_siege_assault_p|공성 전략 (전투 준비).
mno_siege_assault_camp|당신의 공성 캠프를 둘러봅니다.
mno_wait_24_hours|내일까지 기다립니다.
mno_lift_siege|포위를 포기합니다.
menu_siege_plan|당신은 조언자들과 만나 가능한 적은 사상자로 {s4}을(를) 계획하고 점령하려 합니다. 당신의 전략은 기아와 사기 저하로 이곳을 굴복시키는 것일 수 있습니다.^^{s15} {s17} {s18} {s19} {s20}
mno_build_circunvalation|봉쇄망: {s4}의 주요 거점마다 검문소를 구축합니다. (250명 필요).
mno_close_circunvalation|검문소들이 완공되었습니다. 이제 적극적인 감시를 명령합니다.
mno_town_investigar|방어 시설 조사: 내부로 몰래 잠입을 시도합니다. (추적술)
mno_traicion_interna|{s4}의 방어 시설 내에서 배신자를 찾습니다.
mno_traicion_interna3|배신자를 찾아 보낸 부하들로부터 소식이 있습니까?
mno_infiltracion_interna|이곳에 침투시키기 위해 몇몇 부하들을 보냅니다.
mno_infiltracion_interna3|침투시키기 위해 보낸 부하들로부터 소식이 있습니까?
mno_build_varios|전염병을 방지하기 위해 위생 시설의 건설을 명령합니다.
mno_destruir_campos_a|비축 물자를 보충하고 적에게 타격을 주기 위해 농장을 약탈합니다.
mno_destruir_campos_b|농장을 약탈하러 보낸 부하들로부터 소식이 있습니까?
menu_siege_assault|이제 시간 싸움입니다. 당신은 그들의 지원군 도착을 염려하고 있습니다. 전투는 큰 사상자를 가져올 것입니다, 그러나 당신은 마음을 굳게 먹었습니다.^^{s17} {s18} {s19}
mno_scout_investigar|{s4}에 대한 보고를 위해 정찰병들을 부릅니다.
mno_poniendo_elementos_mantles|선발대에게 화살 방패를 배치하라고 명령합니다.
mno_poniendo_elementos|선발대에게 습격을 준비하라고 명령합니다.
mno_castle_lead_attack|시간이 되었습니다. 병력들을 이끌고 돌격합니다!
mno_build_mantlet|화살 방패를 제작합니다.
mno_build_ladders|장비를 구축하고 습격을 위해 지면을 정리합니다.
mno_build_siege_tower|요새를 습격하기 위해 공성탑과 기타 장비를 구축합니다. 습격은 많은 사상자를 낼 수 있습니다.
menu_siege_attack_meets_sally|수비대는 당신의 부대를 요격하러 성 밖으로 나와 공격을 시작했습니다.
menu_nofood_siege_defenders_sally|식량 부족으로 인해 절망에 빠진 {s4}의 수비대원들이 포위를 풀기 위한 시도로 성 밖으로 출격합니다.
menu_surrender_siege_defenders_starved|{s4}의 수비대원들은 더 이상 버틸 수 없습니다. 식량 부족이 그들을 쇠약하게 만들었습니다. 이미 가장 약한 자들은 굶주림으로 죽었으며, 어떤 경우에는 그 필요성 때문에 식인 행위로 이어지기도 했습니다.^{s4}은(는) 항복할 준비가 되었습니다...
menu_castle_attack_walls_simulate2|{s4}^^아군 사상자: {s8}^^적군 사상자: {s10}
menu_sneak_into_town_suceeded2|변장을 하고 어둠을 틈타 당신은 {s4}에 잠입했습니다. 이제 그들의 방어 시설을 정찰할 시간입니다.
menu_construct_saneamiento|위생 시설은 쥐와 질병을 예방하는 데 중요합니다. 비로 인한 진흙과 오물의 축적을 막기 위해 간이 화장실과 파이프라인을 건설하고, 사용 가능한 용수를 확보하기 위해 저수지를 파는 것이 가능합니다. 그렇게 하시겠습니까?^이 작업은 4시간이 소요됩니다.
mno_build_saneamiento|그렇게 합니다.
menu_construct_circunvalation|장소를 봉쇄하는 것은 공성전 동안 당신의 부대를 보호하고, 일부 적 저격병을 피하는 데 도움을 주며, 식량과 구원군의 진입을 막습니다. 또한 적의 사기를 낮추고 장소의 항복을 협상하는 데 도움을 줍니다.^^기계술 기술이 가장 높은({reg2}) 부대원으로서, {reg3?당신은:{s3}은(는)}} 장소 주변에 봉쇄망을 구축하는 데 {reg4}시간이 걸릴 것이라고 추정합니다.
mno_build_circun_cont|그렇게 합니다.
menu_traicion_interna2|당신의 공성 작업이 방어자들을 낙담시키기 시작했습니다. 당신의 병사들 중 일부는 {s4}의 수비대나 주민들과 접촉하여 누군가 반역을 저지르고 정복을 용이하게 할 의사가 있는지 떠볼 용의가 있습니다. 그들은 이 작업에 500 페닝이 필요합니다.
mno_intentar_traicion|병사들을 보내 내부에서 호응할 수비대 내의 내부 협력자를 찾아봅니다.
menu_traicion_resultado1|그들은 아무런 성과 없이 돌아왔습니다. 수비대 중 아무도 협력을 할 의향이 있는 자가 없었습니다.
mno_back_behind|재수가 없었군.
menu_traicion_resultado2|지휘관님! 우리 부하들이 성벽 근처에서 발각되었습니다. 그들은 {s4}에서 싸우며 탈출하고 있습니다. 저기 출구를 보십시오. 그들이 도망치려 하지만 포위되었습니다...
mno_ayudar_infiltrados|명령: 그들을 돕기 위해 추가 병력을 보냅니다.
mno_leave_men|부하들을 그들의 운명에 맡깁니다. 그들은 어떤 일이 닥칠지 알고 있었습니다.
menu_traicion_resultado3|부하들이 돌아왔습니다. 내부의 배신자가 창고에 불을 질렀으며 곧 {s4}에서 도망쳐 당신의 군대에 합류할 것입니다. 적은 그 때문에 많은 식량 비축분을 잃게 될 것입니다.
mno_back_to_siege|완벽하군.
menu_traicion_resultado4|부하들이 돌아왔습니다. 그들은 수비대의 일과를 아는 배신자가 있다고 보고하며, 그는 적들이 성벽 밖 근처 시냇가로 용수를 구하러 올 때 소규모 부대를 이끌고 매복 공격을 할 의사가 있습니다...
mno_atacar_emboscada_player|당신의 가장 가까운 동료들과 함께 직접 갑니다.
mno_atacar_emboscada|명령: 매복을 수행하기 위해 배신자와 함께 한 무리의 부하들을 보냅니다.
mno_leave_men1|불안하군요. 잊어버리십시오.
menu_emboscada_player|초목 사이로 이동하여 당신은 적들을 기습했고 성공적으로 제압했습니다. 이제 수비대는 부하들을 밖으로 내보내는 것을 망설이게 될 것입니다.
mno_victory_bang|승리!
menu_emboscada_nada|부하들은 성벽 위의 감시하는 눈을 피해 초목의 엄호를 받으며 이동했지만, 접선 장소에 도착했을 때 그곳에는 아무도 없었습니다. 배신자로 추정되는 자가 발각되었거나 마음을 바꾼 것 같습니다. 당신의 부하들은 실망하여 돌아옵니다.
mno_emboscada_nanai|젠장, 또 다른 기회가 있겠지.
menu_emboscada_lose|경보! 반역입니다! 반역자로 추정되는 자가 당신의 부하들을 매복지로 유인했습니다. 그들은 전장에 많은 사람을 남겨둔 채 필사적으로 싸우고 있습니다.
mno_regreso_lucha|최악의 상황이군.
menu_emboscada_victory|배신자가 밤을 틈타 우물로 가는 길을 통제하는 언덕으로 부하들을 인도합니다. 부하들은 얼굴을 검게 칠한 채 초목 속에서 정적 속에 자리를 잡았습니다. 동틀 무렵, 당신의 부하들은 물가에 있는 대규모 적군을 발견했습니다.^^전투의 함성이 계곡을 채우고 당신의 병사들이 죽음의 파도처럼 적에게 달려들어... 많은 자를 죽였습니다.
menu_traicion_resultado5|부하들이 돌아왔을 때, 그들은 배급을 관리하는 사람과 접촉했다고 말하며, 그는 동료 시민들에게 불만을 심어주기 위해 식량 가격을 올리기로 약속했습니다. 이는 그들이 요새를 포기할 가능성을 더 높게 만들 것입니다.
mno_traicion_moral|완벽해!
menu_traicion_lucha|당신의 부하들과 적군이 성벽 발치에서 사투를 벌이고 있으며, 그곳의 모든 상황은 당신의 군대에 불리합니다. 당신은 그들이 싸우며 당신 쪽으로 후퇴하는 것을 지켜봅니다. 많은 시신이 뒤에 남겨졌습니다.^^아군 사상자: {s8}^^적군 사상자: {s10}
mno_regreso_luchar|이런, 하지만 누구도 뒤에 남기지 않는다.
menu_infiltracion_resultado1|그들은 소식 없이 돌아왔습니다. 그들은 정착지에 들어갈 수 없었습니다.
mno_back_behindi|그저 운이 나빴던 것 같군.
menu_infiltracion_resultado2|부하들이 {s4}의 수비대에게 발각되었습니다. 불행히도 아무도 돌아오지 못했습니다. 그들은 모두 죽거나 사로잡혔습니다.
mno_muertos_infiltrado|끔찍한 소식이군.
menu_infiltracion_resultado3|승리입니다! 그들이 여러 식량 저장고를 불태우는 데 성공했습니다. 적은 낙담했습니다. 아마도 그들의 항복을 요청할 때인 것 같습니다.
mno_back_to_siegei|좋아, 그들에게 벌꿀주 한 통을 내려주어라.
menu_infiltracion_resultado3_c|승리입니다! 그들은 많은 가축을 죽이고 물 저장고를 오염시켰습니다. 적은 사기가 떨어졌고 그들의 영주는 명성을 일부 잃었습니다. 아마도 그들의 항복을 요청할 때인 것 같습니다.
mno_back_to_siegein|좋아, 그들에게 벌꿀주 한 통을 내려주어라.
menu_infiltracion_resultado4|당신의 부하들이 돌아왔습니다. 그들은 적 전사 중 일부가 불만에 가득 차 있으며, 당신의 편으로 전향하도록 설득이 되었다고 보고합니다. 당신이 동의한다면 그들은 밤중에 요새를 빠져나와 당신의 부대에 합류할 것입니다. 또한 그들은 떠나기 전에, 당신의 공성에 도움이 될만한 공작도 서슴치 않겠다고 전해왔습니다.
mno_aceptar_si|그들을 환영합니다.
menu_infiltracion_resultado4_c|당신의 병사들이 돌아왔습니다. 그들은 우물 근처의 수원지에 독을 풀어넣었다고 말했습니다. 이것은 적의 수비대를 질병으로 고통받게 만들 것입니다.
mno_aceptar_oki|좋은 소식이군. 이것으로 적들의 수비대를 줄일 수 있겠어.
menu_infiltracion_resultado5|적들이 침투를 시도하던 병사들의 머리가 담긴 자루를 보내왔습니다. 그것을 본 당신의 병사들은 공포에 질려, 당신의 진영에서 탈영하고 있습니다.
mno_infiltracion_morali|겁쟁이들! 어째서 머리 몇개 담긴 자루 따위에 겁을 먹지? 그놈들은 전사인가, 아니면 가축인가?
mno_infiltracion_morali2|우리를 향한 이 모욕을 피로 씻어내리라!
menu_campos_cercanos1|{reg59?마님:주군}, 우리가 도착했을 땐 이미 농장과 식량이 불타고 없었습니다. 더불어 수확할 수 있는 시기가 아니기 때문에 아무런 식량도 얻을 수 없었습니다.
mno_back_behind_d|고생 많았다. 개의치 마라.
menu_campos_cercanos2|{reg59?마님:주군}, 우리가 도착했을 땐 이미 농장과 식량이 불타고 없었으나, 마침 수확철이라 풍족한 양의 식량을 확보할 수 있었습니다.
mno_back_behind_c|훌륭해, 식량은 언제라도 환영이야.
menu_campos_cercanos2_c|{reg59?마님:주군}, 우리가 도착했을 땐 이미 농장과 식량이 불타고 없었습니다. 곡식이 아직 덜 여물었지만 먹을 수는 있는 수준이라 꽤 많은 식량을 얻을 수 있었습니다.
mno_back_behind_cc|훌륭해, 식량은 언제라도 환영이야.
menu_campos_cercanos3|{reg59?마님:주군}, 우리가 들판에 불을 놓아 태워버렸으나, 이미 수확이 끝난 뒤라 남은 곡식은 없었습니다. 대신 농부들이 미처 데려가지 못한 가축들을 일부 데려왔습니다.
mno_back_behind_bc|식량은 언제라도 환영이야.
menu_campos_cercanos4|우리는 문제에 직면했습니다. 이미 그 곳은 불에 타 초토화되어 있었고, 수비대의 지원을 받은 농민들이 우리의 병사들을 공격했습니다.^^아군 사상자: {s8}^^적군 사상자: {s10}
mno_back_behind_ac|끔찍한 소식이군!
menu_poner_escaleras|당신의 선봉대는 사다리와 삽, 기타 공성 도구를 앞세워 진격했습니다. 당신은 당신의 병사들이 적들의 사격에 대비해 갑옷을 입고, 화살비 사이를 뚫고 진군하는 것을 보았습니다. 당신의 심장은 뼛속까지 고동쳤습니다. 모든 전투가 그렇듯이 전장의 전율과 공포 그리고 흐르는 땀방울은 언제나 생에 첫 전투처럼 강렬합니다. 당신은 병사들에게 방패 벽 대형을 짜서 스스로를 보호하라 명령했습니다.^^아군 사상자: {s8}^^적군 사상자: {s10}
mno_back_behind_esc1|당신의 부대가 적을 맞닥뜨렸습니다. 이제는 당신의 차례입니다...
menu_poner_escaleras_mantlets|당신의 선봉대는 사다리와 대형 방패, 삽, 기타 공성 도구를 앞세워 진격했습니다. 당신은 당신의 병사들이 적들의 사격에 대비해 갑옷을 입고, 화살비 사이를 뚫고 진군하는 것을 보았습니다. 당신의 심장은 뼛속까지 고동쳤습니다. 모든 전투가 그렇듯이 전장의 전율과 공포 그리고 흐르는 땀방울은 언제나 생에 첫 전투처럼 강렬합니다. 당신은 병사들에게 방패 벽 대형을 짜서 스스로를 보호하라 명령했습니다. 대형방 패 덕분에 많은 목숨을 아낄 수 있었습니다.^^아군 사상자: {s8}^^적군 사상자: {s10}
mno_back_behind_esc2|당신의 부대가 적을 맞닥뜨렸습니다. 이제는 당신의 차례입니다...
menu_informacion_ciudad|정찰병이 당신 앞에 섰습니다: '{s11}^{s12}{s1}{s5}{s17}'
mno_regreso_luchain|중요한 정보를 알려주어 고맙소!
menu_build_mantles2|대형 방패는 당신의 병사들이 공성 장비를 사용하려 할 때 그들의 목숨을 보호해 줄 것입니다. 부대에서 가장 높은 기계술({reg2}) 지식을 가진 {reg3?당신에 의하면:{s3}에 의하면} 대형 방패를 제작하는 데 {reg4}시간이 걸릴 것입니다.
mno_build_mantles|착수합니다.
menu_construct_ladders|부대에서 가장 높은 기계술({reg2}) 지식을 가진 {reg3?당신에 의하면:{s3}에 의하면} 돌격에 필요한 장비를 제작하는 데 {reg4}시간이 걸릴 것입니다.
mno_build_ladders_cont|착수합니다.
menu_construct_siege_tower|부대에서 가장 높은 기계술({reg2}) 지식을 가진 {reg3?당신에 의하면:{s3}에 의하면} 공성 탑과 기타 장비를 제작하는 데 {reg4}시간이 걸릴 것입니다.
mno_build_siege_tower_cont|제작을 시작합니다.
menu_castle_attack_walls_simulate|{s4}^^아군 사상자: {s8}^^적군 사상자: {s10}
menu_castle_attack_walls_with_allies_simulate|{s4}^^아군 사상자: {s8}^동맹군 사상자: {s9}^^적군 사상자: {s10}
menu_castle_taken|{s60}을(를) 위한 전투가 거의 끝났습니다. 당신의 병력은 이 {reg2?도시:요새}를 약탈하기를 원하고 있습니다. {s10} 당신은 적당히 재물을 챙기고 이곳을 적에게 남겨둔 채 떠날 수도 있고, 혹은 이곳을 완전히 초토화하여 막대한 전리품을 얻고 거주민들을 노예로 삼아 적에게 쓸모없게 만들 수도 있습니다.
mno_saqueo_noallowed|이 {reg2?도시:요새}를 정복하되, 약탈은 금지한다.
mno_keep_plunder|{reg2?도시:요새}를 정복하고 약탈한다.
mno_saqueo_normal|이 {reg2?도시:요새}를 약탈한 뒤 떠난다.
mno_saqueo_total|이곳을 초토화하고 떠난다.
menu_castle_taken_plunder|당신은 이 {reg2?도시:요새}를 약탈하여 {reg7} 페닝을 거두었습니다.
menu_castle_taken_native|{s3}은(는) 당신의 부대에 의해 함락되었으며, 이제 당신이 이 {reg2?도시:요새}를 완전히 장악했습니다. {reg1?당신은 적들의 탈환 시도에 대비해 이곳에 병력을 주둔시켜야 합니다. 또한, 당신이 직접 이곳을 다스릴지 혹은 충실한 봉신에게 수여할지 결정해야 합니다...:}
menu_castle_taken_keepplunder|{s3}은(는) 당신의 부대에 의해 함락되었으며, 이제 당신이 이 {reg2?도시:요새}를 완전히 장악했습니다. 당신의 병사들은 거리를 누비며 가능한 많은 물건을 챙기기 시작했고, {reg2?도시:요새}는 약탈당했습니다. 당신은 {reg7} 페닝을 모았습니다. {reg1?당신은 적들의 탈환 시도에 대비해 이곳에 병력을 주둔시켜야 합니다. 또한, 당신이 직접 이곳을 다스릴지 혹은 충실한 봉신에게 수여할지 결정해야 합니다...:}
menu_castle_taken_2|{s3}은(는) 당신의 부대에 의해 함락되었으며, 이제 당신이 이 요새를 완전히 장악했습니다. 이제 당신의 주군인 {s9}에게 승전보를 보낼 시간입니다. {s5}
mno_castle_taken_claim|승리에 대한 보상으로 {s3}을(를) 나의 영지로 수여해 주시길 요청합니다.
mno_castle_taken_claim_2|승리에 대한 보상으로 {s3}을(를) 나의 {reg59?남편:아내}의 영지로 수여해 주시길 요청합니다.
mno_castle_taken_no_claim|아무런 보상도 요구하지 않습니다.
menu_saqueo_loot_continue|이 정착지는 당신에게 약탈당한 피해로부터 아직 회복되지 않았습니다.
menu_requested_castle_granted_to_another|당신은 주군인 {s3}(으)로부터 서신을 받았습니다.^^ '짐은 {s2}을(를) 점령한 자네의 용맹한 공로를 매우 기쁘게 생각하네. 자네의 승전보는 우리 모두를 즐겁게 하였네. 하나, 자네가 요청한 영지의 소유권에 대해서는, 자네가 이미 왕국 내에 충분한 크기의 영지를 소유하고 있다고 판단되어 그 요청을 받아줄 수 없네. 대신 원정 비용으로 {reg6} 페닝을 보낼 터이니, {s2}은(는) {s5}에게 수여하도록 하겠네.'
mno_accept_decision|결정을 받아들입니다.
mno_leave_faction|이것은 나에 대한 모욕이다! {reg4?그녀:그}에 대한 충성 맹세를 철회하겠다!
menu_requested_castle_granted_to_another_female|당신은 주군인 {s3}(으)로부터 서신을 받았습니다.^^ '짐은 {s2}을(를) 점령한 자네의 용맹한 공로를 매우 기쁘게 생각하네. 하나, 자네가 자네 남편을 위해 요청한 영지의 소유권에 대해서는, 그가 이미 왕국 내에 충분한 크기의 영지를 소유하고 있다고 판단되어 그 요청을 받아줄 수 없네. 대신 원정 비용으로 {reg6} 페닝을 보낼 터이니, {s2}은(는) {s5}에게 수여하도록 하겠네.'
mno_accept_decision2|결정을 받아들입니다.
menu_leave_faction|충성 맹세를 철회하는 것은 중대한 결정입니다. 당신의 주군은 당신을 비난하고 영지를 몰수할 수도 있습니다. 하나, 당신이 스스로 영지를 반환한다면 {reg4?그녀:그}는 당신에게 배신의 책임을 묻지 않을 것입니다.
mno_leave_faction_give_back|맹세를 철회하고 영지를 반환합니다.
mno_leave_faction_hold|맹세를 철회하고 {s2}을(를) 포함한 나의 영지를 포기하지 않겠습니다. 이건 나의 것입니다.
mno_leave_faction_cancel|충성 맹세를 유지하며 결정을 받아들입니다.
menu_give_center_to_player_2|간소한 의식을 마친 뒤, 당신은 공식적으로 {s2}{reg3?와(과) 그에 속한 마을인 {s4}:}의 새로운 영주가 되었습니다. 이곳은 당신의 훌륭한 봉토가 될 것입니다. 당신은 이제 이곳에서 세금과 수익을 거두고 병사를 징집하며 당신의 뜻대로 관리할 수 있습니다. 하나, 당신은 영지와 주민들을 외적으로부터 지켜야 하며 법과 질서로 공정하게 다스려야 할 의무가 있습니다.
menu_oath_fulfilled|당신은 일정 기간 동안 {s1}와(과) 맺은 용병 계약을 이행했습니다. 이제 계약이 만료되었으며 갱신 여부를 선택할 수 있습니다. 어떻게 하시겠습니까?
mno_renew_oath|{s1}와(과)의 용병 계약을 갱신하여 한 달 더 연장합니다.
mno_dont_renew_oath|용병 계약을 종료하고 자유의 몸이 됩니다.
menu_siege_started_defender|{s1}이(가) {s2}의 성벽을 향해 총공격을 개시했습니다. 당신은 {reg10}명의 아군을 이끌고 {reg11}명의 적을 상대해야 합니다. 당신은...
mno_siege_defender_join_battle|전장으로 뛰어듭니다.
mno_siege_defender_troops_join_battle|당신 없이 전투에 참가하라고 명령합니다.
menu_siege_join_defense|{s4}^^아군 사상자: {s8}^^동맹군 사상자: {s9}^^적군 사상자: {s10}
menu_village|{s10} {s12}^{s11}^{s6}{s7}^^{s15}
mno_village_manage|마을의 시설들을 관리합니다.
mno_recruit_volunteers|지원병을 모집합니다.
mno_village_center|마을 안으로 들어갑니다.
mno_village_center_door|마을 중심부로 가는 길.
mno_meet_leader|지도자를 만납니다.
mno_meet_leader_door|마을 중심부로 가는 길.
mno_village_buy_food|농민들에게서 보급품을 구입합니다.
mno_comprar_cattle|소를 구입하고 싶습니다.
mno_village_attack_bandits|마을을 습격중인 도적들을 공격합니다.
mno_village_wait|이곳에서 잠시 머무릅니다.
mno_collect_taxes_qst|{reg5?계속 세금을 징수합니다:세금을 징수합니다}.
mno_train_peasants_against_bandits_qst|농민들을 훈련시킵니다.
mno_village_hostile_action|마을에 적대적인 행동을 취합니다.
mno_village_leave|떠납니다.
menu_village_hostile_action|어떤 행동을 할 생각입니까?^ (병력 20명 이상 필요)
mno_village_force_convert|농민들을 강제로 개종시키려 시도합니다.
mno_village_take_food|농민들에게서 강제로 보급품을 내놓도록 협박합니다.
mno_village_steal_cattle|농민들에게서 소를 훔칩니다.
mno_enslave_villagers|농민들을 노예로 잡아갑니다.
mno_village_loot|마을을 약탈하고 불태웁니다.
mno_continue_not_enough_gold|가진 돈이 충분하지 않습니다.
mno_recruit_them|그들을 고용합니다 ({reg6} 페닝).
menu_village_hunt_down_fugitive_defeated|도망자가 내리친 육중한 타격에 당신은 바닥으로 고꾸라졌고, 시야가 돌더니 곧 어두워졌습니다. 시간이 흐르고 다시 눈을 떴을 때, 당신은 피투성이가 된 자신을 발견했지만 다행히 치명적인 상처는 없는 듯 보였습니다.
menu_village_confront_contact_defeated|마을 사람이 내리친 육중한 타격에 당신은 바닥으로 고꾸라졌고, 시야가 돌더니 곧 어두워졌습니다. 시간이 흐르고 다시 눈을 떴을 때, 당신은 피투성이가 된 자신을 발견했지만 다행히 치명적인 상처는 없는 듯 보였습니다.
menu_village_hunt_lover_defeated|유령이 내리친 육중한 타격에 당신은 바닥으로 고꾸라졌고, 시야가 돌더니 곧 어두워졌습니다. 시간이 흐르고 다시 눈을 떴을 때, 당신은 피투성이가 된 자신을 발견했지만 다행히 치명적인 상처는 없는 듯 보였습니다.
menu_village_hunt_music_defeated|타락한 경비병이 내리친 육중한 타격에 당신은 바닥으로 고꾸라졌고, 시야가 돌더니 곧 어두워졌습니다. 시간이 흐르고 다시 눈을 떴을 때, 당신은 피투성이가 된 자신을 발견했지만 다행히 치명적인 상처는 없는 듯 보였습니다.
menu_village_infestation_removed|음유시인들에게 회자될 만한 싸움이 끝난 뒤, 당신과 당신의 부하들은 도적들을 마을에서 쫓아내어 마을을 안전하게 지켰습니다. 고초를 겪은 주민들은 남은 재산이 거의 없었지만, 자신들이 가진 모든 것을 감사의 표시로 바치려 합니다.
mno_village_bandits_defeated_accept|정당한 보상으로 받아들입니다.
mno_village_bandits_defeated_cont|사양하겠습니다, 당신들에게 이 물건들이 더 필요할 것입니다.
menu_center_manage|{s19}^{reg6?^^현재 {s7}을(를) 건설 중입니다. 건물은 {reg8}일 뒤에 완공될 것입니다.:}
mno_center_build_manor|벌꿀술 회관을 짓습니다.
mno_center_build_fish_pond|방앗간을 짓습니다.
mno_center_build_watch_tower|감시 초소를 짓습니다.
mno_center_build_school|학교를 짓습니다.
mno_center_build_messenger_post|연락 거점을 구축합니다.
mno_center_build_prisoner_tower|감옥탑을 짓습니다.
mno_center_build_religion1|기독교 수도원을 짓습니다 (이 건물은 이 지역의 종교를 전향시킬 것입니다).
mno_center_build_religion2|오딘의 사원을 짓습니다 (이 건물은 이 지역의 종교를 전향시킬 것입니다).
mno_center_build_religion3|기독교 교회를 짓습니다 (이 건물은 이 지역의 종교를 전향시킬 것입니다).
mno_center_build_religion4|북구 신들의 성지를 짓습니다 (이 건물은 이 지역의 종교를 전향시킬 것입니다).
mno_center_build_herreria|대장간을 짓습니다.
mno_center_build_guilds|상공 회의소를 짓습니다.
mno_center_build_library|문서실을 짓습니다.
mno_center_build_slavemarket|노예 시장을 짓습니다.
mno_center_kill_slavemarket|노예 시장을 철거합니다.
mno_center_build_brewery|양조장을 짓습니다.
menu_remove_slaves|도시 내의 노예 상인들을 몰아내고, 그들의 사악한 사업을 금지하겠습니까? 이 조치는 도시의 관세 수익과 번영도를 일시적으로 하락시킬 것입니다.
mno_remove_slaves|착수합니다.
menu_center_improve|{s19} 부대에서 기계술({reg2})이 가장 뛰어난 {reg3?당신의 계산에 따르면:{s3}의 계산에 따르면}, {s4}을(를) 짓는 데 {reg5} 페닝과 {reg6}일이 소요될 것입니다.
mno_improve_cont|{s15}의 건설에 착수합니다.
mno_improve_not_enough_gold|지금은 돈이 부족합니다.
menu_town_bandits_succeeded|적들이 마치 낫에 베이는 곡식처럼 당신 앞에 쓰러졌습니다! 곧 당신은 길거리에 홀로 섰고, 습격자들은 죽거나 신음하며 쓰러져 있었습니다. 시신을 뒤지던 당신은 돈주머니 하나를 발견했습니다. 이전 희생자의 물건이거나, 어쩌면 당신의 목숨을 노린 누군가가 이 부랑자들에게 준 대가일지도 모릅니다. {s33}
mno_reveal|누가 당신을 죽이려 했는지 조사합니다.
menu_village_force_convert_confirm|마을을 샅샅이 뒤져 이교도들을 끌어내고, 그들의 잘못된 신념을 철회하도록 강요하는 데 5시간이 걸릴 것입니다.
mno_village_force_convert_confirm|착수합니다.
menu_village_steal_cattle_confirm|부대에서 약탈({reg2}) 기술이 가장 뛰어난 {reg3?당신의 계산에 따르면:{s3}의 계산에 따르면}, 마을에서 약 {reg4}마리의 소를 훔칠 수 있을 것입니다.
mno_village_steal_cattle_confirm|훔칩니다.
menu_village_take_food_confirm|소중한 보급품을 내놓으라고 농민들을 협박하는 것은 쉬운 일이 아닙니다. 최소한 한 시간은 소요될 것으로 보입니다.
mno_village_take_food_confirm|시작합니다.
menu_village_take_food|마을 주민들이 마지못해 자신들이 가진 것들을 내놓았습니다.
mno_take_supplies|보급품을 챙깁니다.
mno_let_them_keep_it_2|그들에게 보급품을 돌려줍니다.
menu_village_start_attack|분노한 주민 중 일부가 연장을 들고 당신에게 저항하려 합니다. 계속 진행한다면 한바탕 싸움을 피할 수 없을 것 같습니다.
mno_village_raid_attack|그들을 진압합니다.
mno_village_raid_leave|마을을 내버려 두고 떠납니다.
menu_village_raid_villagers_toslaves|마을 주민들을 짐승처럼 사냥하여 노예로 삼겠습니까?
mno_villagers_slaves|모든 주민을 포로로 잡아라!
mno_no_cancel|아니오. 명령을 취소합니다!
menu_village_loot_no_resist|얼마 되지 않는 이 곳의 주민들은 겁에 질려 있습니다. 그들은 당신 앞에서 뿔뿔이 흩어져 달아났으나, 당신의 부하들이 일부를 붙잡았습니다. 이제 이 마을의 운명은 당신의 손에 달렸습니다.
mno_village_plunder|마을을 약탈한 뒤 불태웁니다.
mno_village_enslave|주민들을 노예로 삼습니다.
mno_take_supplies1|보급품을 챙깁니다.
menu_village_loot_no_resist_population_flee|당신의 군대를 보자 대부분의 주민이 달아났습니다. 이제 이 마을의 운명은 당신의 손에 달렸습니다.
mno_village_lootflee|마을을 약탈한 뒤 불태웁니다.
mno_take_supplies1flee|보급품을 챙깁니다.
mno_village_raid_leaveflee|이 마을을 내버려 두고 떠납니다.
menu_village_loot_complete|당신의 명령에 따라, 병사들은 마을을 샅샅이 뒤져 값나가는 것을 약탈하고 건물에 횃불을 던져 불을 질렀습니다. 당신의 몫으로 떨어진 금화와 귀중품은 {reg1} 페닝입니다.
menu_village_loot_defeat|마을 주민들은 용기를 가지고 힘을 합쳐서 당신의 병력과 싸워 당신의 병력을 물리치고 마을에서 쫓아냈습니다.
menu_village_loot_continue|이 마을을 계속 약탈하겠습니까?
menu_close|그만 둔다.
mno_castle_castle|영주의 대강당을 방문합니다.
mno_castle_castle_door|대강당(메두셀드)으로 향합니다.
mno_join_tournament|경기에 참여합니다.
mno_town_castle|영주의 대강당을 방문합니다.
mno_town_castle_door|대강당(메두셀드)으로 향합니다.
mno_town_center|거리를 걷습니다.
mno_town_center_door|도시 안을 돌아봅니다.
mno_town_tavern|연회장(선술집)으로 향합니다.
mno_town_tavern_door|연회장으로 향합니다.
mno_town_merchant|상인과 대화합니다.
mno_town_merchant_door|상인에게로 향합니다.
mno_town_arena|투기장에 들어갑니다.
mno_town_arena_door|훈련장으로 갑니다.
mno_town_dungeon|접근 금지: 감옥에 들어갑니다.
mno_town_dungeon_door|지하 감옥에 들어갑니다.
mno_castle_inspect|요새 안뜰을 걷습니다.
mno_castle_inspect_door|떠납니다.
mno_town_enterprise|당신의 농장(사업장)을 방문합니다.
mno_town_enterprise_door|사업장으로 향합니다.
mno_visit_lady|숙녀를 방문합니다.
mno_visit_lady_door|정원으로 들어갑니다.
mno_trade_with_merchants|시장으로 갑니다.
mno_travel|다른 항구로 여행합니다.
mno_travel_door|부대 장비를 정비합니다.
mno_walled_center_manage|이 {reg0?도시:요새}를 관리합니다.
mno_walled_center_move_court|당신의 궁정을 이곳으로 옮깁니다.
mno_castle_station_troops|수비대를 관리합니다.
mno_castle_wait|이곳에서 잠시 대기합니다.
mno_castle_wait_door|숙박합니다.
mno_town_alley|징집 가능한 자가 있는지 묻습니다.
mno_town_visit_port|함선들을 살펴봅니다.
mno_banquete_mead|부하들에게 연회를 베풉니다. 벌꿀술과 음식을 삽니다.
mno_banquete_mead_door|돛을 올립니다.
mno_set_sail|돛을 펴고, 항구에서 출항합니다.
mno_set_sail_door|항해를 시작합니다.
mno_town_leave|떠납니다...
mno_town_leave_door|이 지역을 떠납니다.
menu_cannot_enter_court|영주의 대강당에서 연회가 열리고 있으나, 당신은 아직 초대를 받을 만한 신분이 아닙니다. 명성을 더 높이거나, 연회 중에 열리는 대회에서 실력을 증명한다면 입장이 허가될지도 모릅니다.
menu_lady_visit|당신은 누구를 방문하기를 원합니까?
mno_visit_lady_1|{s12}을(를) 방문합니다.
mno_visit_lady_2|{s12}을(를) 방문합니다.
mno_visit_lady_3|{s12}을(를) 방문합니다.
mno_visit_lady_3_door|정원 입구.
mno_visit_lady_4|{s12}을(를) 방문합니다.
mno_visit_lady_5|{s12}을(를) 방문합니다.
mno_visit_lady_6|{s12}을(를) 방문합니다.
mno_visit_lady_7|{s12}을(를) 방문합니다.
mno_visit_lady_8|{s12}을(를) 방문합니다.
menu_town_tournament_lost|당신은 경기에서 탈락했습니다.{s8}
menu_town_tournament_won|당신은 {s3} 경기에서 우승했습니다! 군중이 당신의 이름을 연호할 때 당신의 가슴은 자부심으로 가득 찹니다. 당신은 명예와 영광뿐만 아니라 {reg9} 페닝의 상금까지 거머쥐었습니다. {s8}
menu_town_tournament_won_by_another|오늘 유일하게 패배하지 않은 {reg3?전사:사내}로서, {s1}(이)가 경기의 영광과 승리를 차지했습니다.
menu_town_tournament|{s1}당신은 현재 {reg0}단계에 있으며, {reg1}명의 참가자가 남았습니다. 다음 라운드에서는 한 팀당 {reg3}명의 {reg4?전사들:전사}로 구성된 {reg2}개의 팀이 맞붙을 것입니다.
mno_tournament_view_participants|경기에 남은 참가자의 목록을 봅니다.
mno_tournament_bet|당신이 이기는 것에 돈을 걸고 도박을 합니다.
mno_tournament_join_next_fight|다음 라운드에 참전합니다.
mno_leave_tournament|경기에서 기권합니다.
menu_tournament_withdraw_verify|정말로 이 경기에서 기권하시겠습니까?
mno_tournament_withdraw_yes|그렇다. 더 이상의 경기는 무의미하다.
mno_tournament_withdraw_no|아니, 승리의 기회가 남아있는 한 포기하지 않겠다!
menu_tournament_bet|당신에게 걸린 배당률은 {reg5}대 {reg6}입니다. {reg1?당신은 이미 자신에게 {reg1} 페닝을 걸었으며, 우승 시 {reg2} 페닝을 받게 됩니다.:} 얼마를 거시겠습니까?
mno_bet_100_denars|100 페닝을 겁니다.
mno_bet_50_denars|50 페닝을 겁니다.
mno_bet_20_denars|20 페닝을 겁니다.
mno_bet_10_denars|10 페닝을 겁니다.
mno_bet_5_denars|5 페닝을 겁니다.
menu_tournament_bet_confirm|만약 {reg1} 페닝을 건다면, 우승 시 {reg2} 페닝을 받게 됩니다. 계속하시겠습니까?
mno_tournament_bet_accept|도박에 걸어봅니다.
mno_tournament_bet_cancel|그만둡니다.
menu_tournament_participants|당신은 경기 관리자 중 한 명에게 남은 참가자들의 명단을 물었습니다.^남은 참가자:^{s11}
menu_collect_taxes|부대에서 상술({reg2})이 가장 뛰어난 {reg3?당신의 계산에 따르면:{s1}의 계산에 따르면}, 이곳에서 세금을 모두 징수하는 데 {reg4}일이 소요될 것입니다.
mno_start_collecting|세금을 징수합니다.
mno_collect_later|다음 기회로 미뤄둡니다.
menu_collect_taxes_complete|{s3}에서 {reg3} 페닝의 세금을 징수했습니다. {s19}은(는) 당신이 이 자금을 가져오기를 기다릴 것입니다.
menu_collect_taxes_rebels_killed|당신의 신속한 대처와 강력한 무력으로 반란을 성공적으로 진압했습니다. 이제 당신에게 반기를 들려던 자들도 다시금 생각하게 될 것입니다.
menu_collect_taxes_failed|반란이 일어나기 전까지 {s3}에서 단 {reg3} 페닝의 세금만을 징수할 수 있었습니다. {s1}은(는) 기뻐하지 않겠지만, 아예 없는 것보다는 약간의 돈이라도 가져다주는 것이 그를 진정시킬 수 있을 것입니다.
menu_collect_taxes_revolt_warning|{s3}의 주민들은 당신의 요구에 분노하며 이를 강탈이나 다름없다고 비난하고 있습니다. 주민들이 매우 술렁이고 있으니, 계속 강요한다면 험악한 상황이 닥칠지도 모릅니다.
mno_continue_collecting_taxes|그들을 무시하고 징수를 계속합니다.
mno_halve_taxes|세금을 절반으로 감면해 주기로 합니다. ({s1}이(가) 이 결정에 화를 낼 수도 있습니다.)
menu_collect_taxes_revolt|{s3}에서 세금을 징수하던 중, 터무니없는 세금에 분노한 {reg9?농민들:도시 주민들}이 횃불과 무기를 들고 몰려왔습니다. 그들은 당신과 싸울 기세입니다!
menu_train_peasants_against_bandits|부대에서 훈련({reg2}) 기술이 가장 뛰어난 {reg3?당신의 계산에 따르면:{s1}의 계산에 따르면}, 농민들을 실전에 투입할 수 있도록 훈련시키는 데 {reg4}시간이 소요될 것입니다.
mno_make_preparation|그들을 훈련시킵니다.
mno_train_later|다음 기회로 미뤄둡니다.
menu_train_peasants_against_bandits_ready|당신은 농민들에게 군인의 기초와 규율, 복종을 가르쳤습니다. 그들 중 {reg0}명이 훈련 내용을 완전히 습득했으며 실전 연습을 할 준비가 된 것 같습니다.
mno_peasant_start_practice|연습 대련을 시작합니다.
menu_train_peasants_against_bandits_attack|훈련을 재개하려던 순간, 경계병 한 명이 비명을 지르며 달려와 도적들이 {s3}을(를) 향해 거세게 달려오고 있다고 알렸습니다. 마을의 지도자는 당신이 갓 훈련시킨 민병대를 조직해 그들에 맞서 달라고 간곡히 부탁했습니다.
mno_peasants_against_bandits_attack_resist|전투 준비!
menu_train_peasants_against_bandits_success|도적들이 궤멸되었습니다! 살아남은 소수의 도적은 농민들과 그들의 새로운 영웅을 두려워하며 꼬리를 내리고 도망쳤습니다. 주민들은 고초를 겪은 뒤라 재산이 거의 남지 않았으나, 감사의 표시로 자신들이 찾을 수 있는 모든 것을 바치려 합니다.
menu_loot_options|전투가 끝났습니다. 전리품을 어떻게 하시겠습니까?
mno_loot_0|관례에 따라 공평하게 분배하겠다.
mno_loot_1|내가 우선권을 가질 것이니 가장 좋은 것들을 먼저 챙기겠다.
mno_loot_2|내 몫은 필요 없으니 병사들에게 모두 나눠주어라.
mno_loot_3|전리품은 두어라. 대신 그 시간에 전사자들의 장례를 치러주겠다.
menu_landing_point_encounter|상륙하시겠습니까?
menu_landet_ships_encounter|배에 오르시겠습니까?
menu_ferry_encounter|나룻배 사공은 {reg7} 페닝을 지불하면 당신과 일행을 건너편까지 태워다 주겠다고 제안합니다.
menu_port_encounter|{s2} 항구에 도착했습니다. {s3}
mno_attack|공격!
mno_merge|함대를 합병하라.
menu_center_reports|도시 이름: {s1}^도시 세금: {reg1} 페닝^관세: {reg2} 페닝^식량 비축량: {reg3}일분
mno_to_price_and_productions|생산물과 가격을 봅니다.
menu_price_and_production|생산 물품:^(참고: 기본값 / 원자재 수정치 / 가공 재료 및 번영도 수정치)^{s1}^^가격 요인:^{s2}
menu_town_trade|시장으로 향합니다.
mno_assess_prices|현지 시세를 파악합니다.
mno_trophies|전투 트로피를 거래합니다.
mno_highking_trophies|상급 왕 트로피를 거래합니다.
mno_trade_with_arms_merchant|무기 제작자와 거래합니다.
mno_trade_with_armor_merchant|방어구 제작자와 거래합니다.
mno_trade_with_horse_merchant|말 상인과 거래합니다.
mno_trade_with_goods_merchant|잡화 상인과 거래합니다.
mno_back_to_town_menu|돌아갑니다.
menu_trophy_premium|전투에서 얻은 트로피는 가치있는 물품입니다. 트로피는 돈이나 경험치로 교환할 수 있습니다.
mno_premium_a|전투 트로피을 교환합니다.
mno_premium_b|전쟁 트로피을 교환합니다.
mno_premium_c|서사시적 트로피을 교환합니다.
menu_trophy_hihgking_premium|상급 왕 트로피는 모두가 탐내는 물건이며, 많은 땅을 통합시킨 강력한 전쟁 군주만이 얻을 수 있습니다. 트로피는 돈이나 경험치로 교환할 수 있습니다.
mno_premium_norse|북부 왕의 트로피를 교환합니다.
mno_premium_cymry|알반 왕의 트로피를 교환합니다.
mno_premium_irish|에리우 상왕의 트로피를 교환합니다.
mno_premium_saxon|브리튼왈다의 트로피를 교환합니다.
menu_town_trade_assessment_begin|당신은 인근 지역의 교역품 가격에 대한 여러 소문과 대화를 엿들었습니다.^당신은 귀를 기울이며 최선의 거래를 찾아내려 노력했습니다.
menu_town_trade_assessment|부대에서 상술({reg2})이 가장 뛰어난 {reg3?당신은:{s1}은(는)} 어떤 물건을 거래하는 것이 가장 좋을지 분석했습니다. {s2}
menu_sneak_into_town_suceeded|가난한 순례자로 변장하여 경비병들을 속이고 도시 안으로 잠입했습니다.
menu_sneak_into_town_caught|도시로 잠입하려던 중, 경비병 한 명이 당신을 알아보고 경보를 울렸습니다! 경비병들이 모두 몰려오기 전에 성문을 빠져나가 도망쳐야 합니다!
mno_sneak_caught_fight|싸워서 돌파합니다!
mno_sneak_caught_surrender|경비병들에게 투항합니다.
menu_sneak_into_town_caught_dispersed_guards|경비병들을 물리치고 추격을 따돌렸습니다. 미로 같은 거리 덕분에 추격자들을 쉽게 따돌릴 수 있었습니다.
menu_sneak_into_town_caught_ran_away|당신은 성문을 빠져나와 신속하게 안전한 외곽 지역으로 퇴각했습니다.{s11}
menu_enemy_offer_ransom_for_prisoner|{s2} 측에서 {s1}을(를) 풀어주는 대가로 {reg12} 페닝을 제안했습니다.
mno_ransom_accept|그 제안을 받아들입니다.
mno_ransom_reject|그 제안을 거부합니다.
menu_training_ground|무예를 연마할 수 있는 훈련장에 도착했습니다. 어떤 훈련을 하시겠습니까?
mno_camp_trainer|훈련 교관과 대화합니다.
mno_camp_train_melee|연습 대련을 합니다.
mno_camp_train_archery|장거리 무기를 연습합니다.
mno_camp_train_mounted|마상 전투를 연습합니다.
menu_training_ground_selection_details_melee_1|몇 명의 상대와 대련하시겠습니까?
mno_camp_train_melee_num_men_1|한 명.
mno_camp_train_melee_num_men_2|두 명.
mno_camp_train_melee_num_men_3|세 명.
mno_camp_train_melee_num_men_4|네 명.
mno_cancel_dot|취소.
menu_training_ground_selection_details_melee_2|누구와 대련하시겠습니까? (대상 #{reg1}):
mno_training_ground_selection_details_melee_random|무작위로 정한다.
menu_training_ground_selection_details_mounted|어떤 무기를 연습하시겠습니까?
mno_camp_train_mounted_details_1|한손 무기.
mno_camp_train_mounted_details_2|창.
mno_camp_train_mounted_details_3|활.
mno_camp_train_mounted_details_4|투척 무기.
menu_training_ground_selection_details_ranged_1|어떤 원거리 무기를 연습하시겠습니까?
mno_camp_train_ranged_weapon_bow|활과 화살.
mno_camp_train_ranged_weapon_crossbow|투창.
mno_camp_train_ranged_weapon_thrown|투척용 단검.
menu_training_ground_selection_details_ranged_2|어느 정도 거리에서 연습하시겠습니까?
mno_camp_train_ranged_details_1|10 야드.
mno_camp_train_ranged_details_2|20 야드.
mno_camp_train_ranged_details_3|30 야드.
mno_camp_train_ranged_details_4|40 야드.
mno_camp_train_ranged_details_5|50 야드.
mno_camp_train_ranged_details_6|60 야드.
mno_camp_train_ranged_details_7|70 야드.
menu_training_ground_training_result|{s7}{s2}
menu_marshal_selection_candidate_ask|{s15}은(는) 곧 {s23}의 새로운 총사령관을 선출할 것이라고 알려왔습니다. 왕국의 영주들 중 일부는 유력한 후보로 당신의 이름을 거론했습니다.
mno_marshal_candidate_accept|{s15}의 총사령관으로서 봉사할 용의가 있음을 알립니다.
mno_marshal_candidate_reject|요즘은 몸이 열 개라도 부족하니, 다른 적임자를 찾아보라고 전하십시오.
menu_captivity_start_wilderness|(데이터 없음)
menu_captivity_start_wilderness_surrender|(데이터 없음)
menu_captivity_start_wilderness_defeat|적들에게 포로로 붙잡혔습니다.
menu_captivity_start_castle_surrender|(데이터 없음)
menu_captivity_start_castle_defeat|(데이터 없음)
menu_captivity_start_under_siege_defeat|당신은 적들에게 포로로 붙잡혔습니다.
mno_continue1|적들에게 포로로 붙잡혔습니다.
menu_captivity_wilderness_check|(데이터 없음)
menu_captivity_end_wilderness_escape|고통스러운 포로 생활을 이어가던 중, 당신은 감시가 소홀한 틈을 타 포획자들의 손아귀에서 탈출하는 데 성공했습니다!
menu_captivity_castle_taken_prisoner|순식간에 경비병들에게 포위당한 당신은 무기를 빼앗겼습니다. 그들은 악담과 모욕을 퍼부으며 당신을 두들겨 팬 뒤, 어둡고 습한 지하 감옥에 처박았습니다.
menu_captivity_rescue_lord_taken_prisoner|정체가 탄로나기 전까지 최대한 변장을 유지했으나 결국 붙잡혔습니다. 격분한 경비병들은 당신을 무자비하게 폭행한 뒤, 언제 나갈지 기약도 없는 차가운 감방으로 다시 던져버렸습니다.
menu_captivity_castle_check|(데이터 없음)
menu_captivity_end_exchanged_with_prisoner|얼마간의 수감 생활 끝에, 당신을 다른 포로와 맞교환하기로 하는 협상이 성사되어 마침내 자유를 되찾았습니다.
menu_captivity_end_propose_ransom|당신은 햇빛조차 들지 않는 축축한 감옥에서 가늠할 수도 없는 긴 시간을 보냈습니다. 그러던 어느 날, 간수 중 한 명이 찾아와 당신이 숨겨둔 재산 중 {reg5} 페닝을 뇌물로 준다면 몰래 풀어주겠다고 제안했습니다.
mno_captivity_end_ransom_accept|제안을 받아들입니다.
mno_captivity_end_ransom_deny|제안을 거부하고 더 나은 기회를 기다립니다.
menu_captivity_castle_remain|어두운 감옥 안에서 지루한 날들이 흘러갑니다. 경비병들의 발길질과 욕설을 견디며 하루하루를 버텨보지만, 제대로 먹지 못한 당신의 몸은 점점 야위어만 갑니다.
menu_kingdom_army_quest_report_to_army|{s8}(이)가 새로운 군사 작전에 동참하라는 전령을 보내왔습니다. 귀하는 최소 {reg13}명의 병력을 이끌고 합류해야 하며, 병력이 부족하다면 즉시 영지에서 징집하여 보충하라는 명령도 덧붙였습니다.
menu_kingdom_army_quest_messenger|{s8}(이)가 수행해야 할 임무가 있다며 당신과 대화하기를 원합니다. 가능한 한 빨리 자신을 찾아오라는 전령을 보내왔습니다.
menu_kingdom_army_quest_join_siege_order|{s8}(이)가 {s9}의 총공세를 준비하기 위해 공성전에 합류하라는 전령을 보냈습니다. 당신의 군대는 어떤 대가를 치르더라도 반드시 {s9}을(를) 점령해야 합니다.
menu_kingdom_army_follow_failed|귀하는 소집 명령을 따르지 않았습니다. 총사령관은 당신이 다른 용무로 바빴던 것으로 간주하고 있으나, 귀하의 지원이 없었던 것에 대해 깊은 유감을 표했습니다.
menu_invite_player_to_faction_without_center|봉신 제의를 받았습니다!^^{s9}의 군주 {s8}(이)가 친필 서명이 담긴 서신을 전령을 통해 보내왔습니다. 귀하를 {s9}의 봉신으로 임명하겠다는 영예로운 제안입니다. 비록 당장 하사할 영지나 작위는 없으나 귀하가 자신에게 충성을 맹세하고 원정에 참여하기를 바라고 있습니다. 이 제안을 거절한다면 군주의 기분이 상할 수도 있습니다...
mno_faction_accept|제의를 수락합니다!
mno_faction_reject|제의를 정중히 거절합니다.
menu_invite_player_to_faction|봉신 제의를 받았습니다!^^{s9}의 군주 {s8}(이)가 친필 서명이 담긴 서신을 전령을 통해 보내왔습니다. 귀하를 {s9}의 봉신으로 임명하겠다는 영예로운 제안입니다. {s8}은(는) 귀하가 자신에게 충성을 맹세하고 원정에 참여해준다면, 그 충직한 봉사에 대한 보상으로 {s2}을(를) 영지로 하사하겠다고 약속했습니다. 만약 이 제안을 거절하신다면 군주의 기분이 상할 수도 있습니다...
menu_invite_player_to_faction_accepted|봉신이 되기 위해서는 {s3}에게 직접 충성 서약을 해야 합니다. 그를 찾아가 대면하여 서약을 바쳐야 할 것입니다. {s5}
menu_question_peace_offer|평화 협정을 제안받았습니다.^^{s1} 측에서 휴전을 제안했습니다. 어떻게 답하시겠습니까?
mno_peace_offer_accept|수락합니다.
mno_peace_offer_reject|거부합니다.
menu_notification_sortie_possible|적 발견: {s4}의 성벽 밖에서 적군이 포착되었습니다. {s5}와 다른 영주들이 출격을 준비 중입니다. 원하신다면 그들을 지원하러 갈 수 있습니다.
menu_notification_casus_belli_expired|왕국이 도발에 대응하지 못했습니다.^^{s1}(이)가 {s2}의 도발에 대응하지 않기로 함에 따라, {s3}은(는) 주전파 가신들 사이에서 체면을 크게 구겼습니다...^
menu_notification_lord_defects|전향: {s4}(이)가 {s5}를 저버리고 자신의 영지를 지닌 채 {s7}에 합류하였습니다.
menu_notification_treason_indictment|반역자 처단^^{s9}
menu_notification_border_incident|국경 분쟁 사건 발생.^^{s9}에 대한 소문은 당신의 귀에도 들려왔습니다. 소문의 진위는 알 수 없으나, 이 사소해 보이는 사건이 {s4} 주민들의 감정을 자극하여 그들이 {s3}와 전쟁을 벌이는 것을 정당화하게 만들고 있습니다...
menu_notification_player_faction_active|이제 당신은 어느 왕국에도 얽매이지 않은 채 자신의 이름으로 영토를 보유하게 되었습니다. 이는 당신이 독자적인 군주가 되었음을 의미하며, {s12}에 임시 궁정이 마련되었습니다. 다만, 노스란드의 다른 왕들은 귀하를 위협으로 간주할 것입니다. 이름 없는 장군 나부랭이가 왕좌를 차지하는 것을 용납한다면, 그들 자신의 정통성 또한 위협받기 때문입니다.^^당분간 기존 왕국 중 하나에 의탁하는 것이 현명할 수도 있습니다. 만약 독립된 군주로 남고 싶다면, 정통성을 확립하는 것이 최우선 과제입니다. 고귀한 가문과 혼인하거나, 새로운 영주를 영입하고, 영지를 잘 다스리며, 타국 왕들과 외교를 맺거나 동료들을 파견하는 등 여러 방법으로 정통성을 세울 수 있습니다.^^우선은 동료 중 한 명을 국정 전반을 돌볼 재상으로 임명해야 합니다. 동료마다 능력이 다르니 신중히 선택하십시오.^재상은 언제든 교체할 수 있으며, 재상과 대화하여 궁정의 위치를 옮길 수도 있습니다.
mno_appoint_spouse|나의 아내, {s10}을(를) 임명합니다.
mno_appoint_npc1|{s10}을(를) 임명합니다.
mno_appoint_npc2|{s10}을(를) 임명합니다.
mno_appoint_npc3|{s10}을(를) 임명합니다.
mno_appoint_npc4|{s10}을(를) 임명합니다.
mno_appoint_npc5|{s10}을(를) 임명합니다.
mno_appoint_npc6|{s10}을(를) 임명합니다.
mno_appoint_npc7|{s10}을(를) 임명합니다.
mno_appoint_npc8|{s10}을(를) 임명합니다.
mno_appoint_npc9|{s10}을(를) 임명합니다.
mno_appoint_npc10|{s10}을(를) 임명합니다.
mno_appoint_npc11|{s10}을(를) 임명합니다.
mno_appoint_npc12|{s10}을(를) 임명합니다.
mno_appoint_npc13|{s10}을(를) 임명합니다.
mno_appoint_npc14|{s10}을(를) 임명합니다.
mno_appoint_npc15|{s10}을(를) 임명합니다.
mno_appoint_npc16|{s10}을(를) 임명합니다.
mno_appoint_default|이 지역의 유지를 임명합니다.
menu_minister_confirm|재상인 {s9}(은)는 {s12}에 마련된 당신의 궁정에서 정무를 보고 있습니다. 정기적으로 재상과 상담하여 권위를 실추시킬 수 있는 미결된 사안들을 해결하도록 하십시오.
menu_notification_player_faction_deactive|당신의 왕국은 더 이상 그 어떤 영토도 가지고 있지 않습니다.
menu_notification_player_wedding_day|{s8} 측에서 전령이 도착했습니다. {s10}에서 거행될 결혼식 준비가 완료되었으니 속히 참석해 달라는 소식입니다.
menu_notification_center_under_siege|{s3}의 {s2}(이)가 {s1}을(를) 포위했습니다!^^성벽 안의 전사들은 무기와 투석용 바위들을 챙긴 채 적의 공격에 저항하며 버티고 있습니다.
menu_notification_village_raided|적들이 영지를 유린하고 있습니다!^^{s3}의 {s2}(이)가 {s1} 마을을 약탈하고 있습니다!
menu_notification_village_raid_started|당신의 마을이 공격받고 있습니다!^^{s3}의 {s2}(이)가 {s1}을(를) 약탈하는 중입니다.
menu_notification_one_faction_left|노스란드가 단 하나의 왕국에 의해 통일되었습니다!^^{s1}(이)가 모든 경쟁국을 물리치고 유일한 왕국으로 우뚝 섰습니다.^^당신이 바로 브리튼왈다입니다!
menu_notification_oath_renounced_faction_defeated|당신이 이전에 몸담았던 국가가 멸망했습니다!^^{s1}와의 전쟁에서 승리했습니다! 충성 서약을 철회한 이후 시작된 당신의 투쟁이 마침내 마침표를 찍었습니다.
menu_notification_center_lost|영지를 잃었습니다!^^{s2}에게 {s1}을(를) 빼앗겼습니다.
menu_notification_troop_left_players_faction|배신!^^{s1}(이)가 {s2}를 저버리고 {s3}에 합류하였습니다.
menu_notification_troop_joined_players_faction|좋은 소식입니다!^^{s1}(이)가 {s2}를 저버리고 {s3}에 합류하였습니다.
menu_notification_war_declared|전쟁 선포^^{s1}(이)가 {s2}에게 전쟁을 선포했습니다!^{s57}^^대장간에서는 쟁기를 만들던 망치질 소리가 멈추고, 대신 칼과 창을 벼리는 소리가 울려 퍼집니다. 전쟁이 시작되었습니다!
menu_notification_peace_declared|평화 협정^^{s1}와(과) {s2}(이)가 평화를 약속했습니다!^{s57}^^두 세력은 살육을 멈추었습니다. 누군가에게는 다음 전쟁을 준비하기 위한 일시적인 휴전일 수도 있고, 누군가에게는 진실하고 항구적인 평화의 시작일 수도 있습니다.
menu_notification_alliance_declared|동맹 체결^^{s1}와(과) {s2}(이)가 동맹을 맺었습니다!^{s57}^^두 왕국은 운명을 함께하기로 맹세했으며, 이제 그 어느 때보다 강력한 결속을 자랑합니다.
menu_notification_alliance_offer|{s1} 측에서 당신과 동맹을 맺고 싶다는 제안을 보내왔습니다. 어떻게 답하시겠습니까?
mno_offer_accept|수락합니다.
mno_offer_reject|거부합니다.
menu_notification_kingdom_reborn|반란 발생!^^멸망했던 {s13}의 백성들이 무기를 들고 일어났습니다. {s14}(이)가 {s12}로부터 영지를 탈환했습니다. {s13}(이)가 복권되었습니다! 국왕 폐하 만세!
menu_notification_center_restoration|지역 반란 발생!^^{s12}의 백성들이 무기를 들고 일어나 {s11}을(를) 수복했습니다.
menu_notification_faction_defeated|세력 멸망^^{s1}은(는) 이제 역사 속으로 사라졌습니다!
menu_notification_rebels_switched_to_faction|반란 성공!^^당신의 반란이 승리했습니다! 이제 당신의 세력이 {s11}의 유일한 정통성을 확보하였으며, {s12}(이)가 유일한 통치자로 우뚝 섰습니다.
menu_notification_player_should_consult|재상이 긴급한 전갈을 보내왔습니다. 왕국 내에 권위를 실추시킬 수 있는 문제들이 발생하고 있으니, 가급적 빨리 자신과 상담하여 해결책을 논의해야 한다고 합니다.
menu_banquete_moral|부하들에게 무기를 내려놓고 대강당으로 들어오라 명한 뒤, 위계에 따라 식탁에 둘러앉게 했습니다. 신뢰하는 핵심 측근들은 당신의 곁에 앉았습니다.^시녀들이 고기와 벌꿀술을 끊임없이 날라옵니다. 당신을 위해 피를 흘리며 영토 확장을 도운 충직한 부하들이기에, 당신은 이 연회에 막대한 비용을 아끼지 않았습니다.^저녁이 깊어갑니다. 술통째로 들이켠 사내들이 고함을 지르며 노래를 부릅니다. 누군가는 구토하러 달려나가고, 누군가는 여인들의 관심을 끌기 위해 싸움닭처럼 다투기도 합니다.^당신의 뒤에서는 음유시인이 당신의 권능과 업적을 노래합니다. 당신은 진정한 영주이자, '인간들의 목자'처럼 행동합니다.
mno_banquete_ok|그들과 함께 술잔을 기울이며 웃고 떠듭니다.
mno_banquete_ok2|술맛만 보며 냉철함을 유지합니다. 필요 이상으로 취하지 않습니다.
menu_comprar_cattle2|보유한 소는 {reg5}마리이며, 마리당 {reg6} 페닝입니다. 몇 마리를 구매하시겠습니까?
mno_cattle_okc|한 마리.
mno_cattle_ok2c|다섯 마리.
mno_cattle_ok3c|아무것도.
menu_notification_lady_requests_visit|시녀로 보이는 노파가 당신에게 다가와 밀랍으로 봉인된 서신을 건넸습니다. 귀하 앞으로 온 서신입니다. 봉인을 뜯자 {s15}이(가) 보낸 글귀가 보입니다. '지난번 방문 때 정말 즐거웠답니다. {s14} 저는 지금 {s10}에 머물고 있어요. {s12}'
mno_continuewo|부인에게 곧 가겠다고 전하라고 노파에게 이릅니다.
mno_continuewo2|지금은 형편이 여의치 않다고 부인에게 전하라고 노파에게 이릅니다.
mno_nurse|유모(노파)를 따라갑니다.
mno_nurse2|샘터에서 기다립니다.
menu_kill_local_merchant_begin|당신은 표적을 발견하고 뒤를 쫓았습니다. 그가 어두운 골목으로 꺾어 들어가는 것을 지켜봅니다. 그를 습격할 최적의 기회입니다.
menu_debug_alert_from_s65|디버그 경고: {s65}
menu_auto_return_to_map|(데이터 없음)
mno_continue_1l|은신처를 습격한다...
mno_trade_withbanditsl|노획물을 도적들에게 처분합니다.
mno_leave_no_attackl|떠난다...
mno_leave_victoryl|계속...
mno_leave_defeatl|계속...
menu_notification_player_faction_political_issue_resolved|왕국 영주들과의 논의 끝에, {s10}은(는) {s11}을(를) {s12}에게 수여하기로 결정하였습니다.
menu_notification_player_faction_political_issue_resolved_for_player|왕국 영주들과의 논의 끝에, {s10}은(는) 귀하에게 {s11}을(를) 수여하기로 결정하였습니다. 이 영예를 거절할 수도 있으나, 그럴 경우 당분간 다른 보상을 받지 못할 수 있습니다.{s12}
mno_accept|영예를 받아들입니다.
mno_decline|거절합니다.
menu_establish_court|{s4}에 당신의 궁정을 세우려면 약간의 단장이 필요합니다. 특히 은화와 연장 한 세트가 필요하며, 추종자들이 이곳으로 거처를 옮기는 데에도 시간이 걸릴 것입니다. 진행하시겠습니까?
mno_establish|{s4}에 당신의 궁정을 세웁니다.
mno_hold_off|보류합니다...
menu_notification_relieved_as_marshal|{s4}은(는) 전령을 보내 더 이상 귀하의 총사령관직 수행이 필요치 않음을 알려왔습니다. 지난 {reg4}일간 왕국을 위해 보여준 노고를 치하하며 보상의 의미로 {reg5} 페닝을 수여했습니다.
menu_monasterio_visit|수도원에 도착했습니다. 이곳은 교회와 승려, 하인들을 위한 방, 가축이 있는 넓은 정원까지 갖춘 광활한 곳입니다. 참으로 부유함이 느껴지는 곳입니다!^^{s13}
mno_enter_interiorm|수도원장을 접견.
mno_enter_interiorm_door|수도원장실로 가기.
mno_entermo|수도원을 방문.
mno_entermo_door|떠나기.
mno_monasterio_recruitm|부대에 합류하고 싶은 사람을 모집한다. (징병)
mno_donatemo|수도원에 기부한다 (500 페닝).
mno_aprender_leermo|읽는 법을 배운다 (4000 페닝).
mno_convertirmo|그리스도교로 개종한다.
mno_camp_wait_heremo|잠시 시간을 보낸다.
mno_pillage_monasterymo|수도원을 약탈한다.
menu_paganholysites_visit|사원에 도착했습니다. 이곳은 노스의 옛 신들을 숭배하며, 재물이 가득합니다!^^{s13}
mno_enter_hofho|사원을 방문한다.
mno_enter_hofho_door|들어가기.
mno_hof_recruitho|광전사를 모집한다.
mno_donate_hofho|사원에 기부한다. (500페닝)
mno_convertir_norsegho|노스 신앙으로 개종한다.
mno_camp_wait_hereho|잠시 시간을 보낸다.
mno_pillage_hofho|사원을 약탈한다.
menu_saquear_monasterio|피와 보물. 도덕심 따위는 없는 당신의 부하들이 {s3}을(를) 향해 진격하며 눈앞의 모든 이를 죽이고 재물을 약탈합니다. 불길과 죽음이 휩쓸고 간 이곳에서 당신은 {reg3} 페닝 가치의 전리품을 챙겼습니다.^^{s4}^
mno_backho|이곳을 떠납니다.
menu_saquear_paganholysite|피와 보물. 도덕심 따위는 없는 당신의 부하들이 {s3}을(를) 향해 진격하며 눈앞의 모든 이를 죽이고 재물을 약탈합니다. 불길과 죽음이 휩쓸고 간 이곳에서 당신은 {reg3} 페닝 가치의 전리품을 챙겼습니다.^^{s7}^^{s4}^
mno_backpa|이곳을 떠납니다.
menu_refugee_recruit_troops12|군인으로서 새 삶을 찾고자 하는 과부와 고아들이 당신의 부대에 모였습니다.
mno_acept_themmo|그들을 고용합니다. (20 페닝)
menu_refugee_recruit_troops22|합류하려는 사람이 없습니다.
menu_refugee_recruit_troops32|당신 군대에 합류하려는 목동과 농부들이 모였습니다.
mno_acept_themmo2|그들을 고용합니다. (60 페닝)
menu_refugee_recruit_troops42|당신 군대에 합류하려는 성직자와 젊은 전사들이 모였습니다.
mno_acept_themmo3|그들을 고용합니다. (400 페닝)
menu_berserker_recruit_2troop|두 명의 울프헤딘이 당신에게 합류할 수 있습니다.
mno_acept_thempa|환영한다!
menu_berserker_recruit_troop|한 명의 광전사가 당신에게 합류할 수 있습니다.
mno_acept_thempa2|환영한다!
menu_nonberserker_avaiable_troop|광전사들이 당신에게 합류하기를 거부합니다.
menu_nonberserker_renown_low|귀하는 지도자로서의 가치가 없어 보이오. 광전사들을 거느리려면 명성(>150)을 더 쌓으시오.
menu_panel_comandante|전투가 시작되기 전...
mno_choice_1comm|인상적인 연설로 병사들의 사기를 고취합니다.
mno_choice_2comm|적장에게 명예로운 결투를 신청합니다.
mno_choice_3comm|산병: 적의 진격을 방해하기 위해 병사들을 보냅니다.
mno_choice_4comm|승리를 기원하며 신에게 산제물을 바칩니다.
mno_choice_5comm|아무것도 하지 않습니다.
menu_escaramuza_1|적 지휘관이 귀하의 전술을 압도했습니다. 대비하기도 전에 적의 사격 부대에 기습당해 큰 피해를 입었습니다.^^아군 사상자: {s8}
mno_damn|빌어먹을!
menu_escaramuza_2|적절한 배치 덕분에 적에게 사격을 퍼부어 큰 피해를 입혔습니다.^^적군 사상자: {s8}
mno_defendiendo_2e|잘했군.
menu_escaramuza_3|병사들이 접근하자 적 지휘관이 사격 부대를 배치해 진격을 막았습니다. 사상자를 피하고자 군을 후퇴시켜야 했습니다.
mno_defendiendo_3e|알겠네.
menu_lucha_2_no|결투에 응하려는 자가 없는 듯합니다.
menu_lucha_1_d|적 전사 하나가 돌을 던질 만큼 가까이 다가와 멈춰 섭니다. 그는 걸치고 있던 양가죽 술통을 바닥에 던지고 몸을 풀기 시작합니다. 망토와 장화까지 모두 벗어 던진 그는 오직 창과 방패만을 든 채 귀하의 군대에 도전장을 내밉니다.^^명령을 내리기도 전에 대열에서 한 젊은 전사가 뛰어나갔습니다. 베테랑은 아니지만 용기만큼은 가상한 청년이었습니다.^^양측의 전사가 서로의 주위를 맴돌며 기회를 엿봅니다. 우리 전사가 긴장한 나머지 방패를 낮추고 창을 찌르는 순간, 적의 챔피언이 그 빈틈을 놓치지 않고 창날을 우리 전사의 심장에 깊숙이 박아 넣었습니다...^^결투에서 패배했습니다.
menu_lucha_2_v|우리 전사 중 하나가 대열을 이탈해 적진으로 다가가더니, 옷을 걷어올리고 엉덩이를 까 보이며 적들을 조롱합니다. 격분한 적의 챔피언이 투창을 던지며 달려들지만 우리 전사는 가볍게 피합니다. 적이 검을 뽑아 휘두르며 육탄전이 벌어집니다.^^두 전사는 방패로 서로를 강타하며 치열하게 맞붙습니다.^^자세히 지켜보던 중, 마침내 우리 전사가 적의 입안으로 창을 찔러 넣어 마지막 피를 뿌리는 것을 보았습니다. 숨을 고른 전사는 아군을 향해 소리칩니다. '한 입 거리도 안 되는군!'^^결투에서 승리했습니다.
menu_lucha_1_p|적의 우두머리가 군 앞에 나서서 귀하에게 결투를 신청합니다.
mno_defendiendo_7e|결투를 받아들입니다.
menu_sacrificio_off|기도와 제물에도 불구하고 신들은 침묵을 지킵니다.
menu_sacrificio_1|도축된 동물의 내장에 벌레가 가득합니다. 나쁜 징조입니다.^^오늘은 싸우지 않는 것이 좋을지도 모릅니다.
menu_sacrificio_2|동물의 피를 살피던 중 병사 하나가 뱀을 낚아채 날아가는 독수리를 가리킵니다. 길조입니다.^^적을 공격하기에 적절한 때입니다.
menu_sacrificio_3|당신이 짐승의 목을 베었으나 제물로 바치려던 동물이 손에서 빠져나가 적진 쪽으로 달아나 쓰러졌습니다. 나쁜 징조입니다.^^오늘은 싸우지 않는 것이 좋을지도 모릅니다.
menu_sacrificio_4|당신이 제물의 배를 갈랐습니다. 도축된 동물의 내장에서 은반지를 발견했습니다. 길조임이 분명합니다.^^전투 준비가 되었습니다.
menu_discurso_off|귀하가 나서서 연설하려 했으나 긴장한 탓에 말문이 막혀 단 한 마디도 내뱉지 못했습니다.
menu_discurso_1|당신은 부대의 대열을 점검하면서, 당신의 병사들에게 연설했습니다. 당신은 그들의 눈을 바라보며, 최대한 매 순간 순간을 인상깊게 남기려 노력했습니다:^^'자네들이 고향으로 돌아갔을 때, 마을의 젊은 남녀들이 당신의 흉터에 어떤 사연이 있었는지 묻거든, 브리튼과 하이베르니아에서 본 군대중 가장 위대한 군대에서 얻은 것이라고 답할 수 있을 것이다!'
mno_defendiendo_1_cd|훌륭한 연설이었다. 돌아간다.
menu_discurso_2|당신은 부대의 대열을 점검하면서, 당신의 병사들에게 연설했습니다. 당신은 그들의 눈을 바라보며, 최대한 매 순간 순간을 인상깊게 남기려 노력했습니다:^^'자네들이 고향으로 돌아갔을 때, 마을의 젊은 남녀들이 당신의 흉터에 어떤 사연이 있었는지 묻거든, 브리튼과 하이베르니아에서 본 군대중 가장 위대한 군대에서 얻은 것이라고 답할 수 있을 것이다!'
mno_defendiendo_1_dd|평범한 연설이었다. 돌아간다.
menu_discurso_3|당신은 부대의 대열을 점검하면서, 당신의 병사들에게 연설했습니다. 당신은 그들의 눈을 바라보며, 최대한 매 순간 순간을 인상깊게 남기려 노력했습니다:^^'지금 이 순간, 겁쟁이들은 브리튼의 어느 곳에서 염소나 치며 땀을 빼고 있을 것이다. 그들이 흘리는 땀과 여기서 우리들이 흘리는 피와 땀에 같은 가치 있을 거라고 생각하는가? 우리는 이 곳에 명예와 영광, 그리고 부를 위해 여기에 섰다! 스스로의 의지로, 피와 땀으로 승리를 쟁취하자! 명예를 위하여! 영광을 위하여! 부를 위하여!'
mno_defendiendo_1_ed|좋은 연설이었다. 돌아간다.
menu_discurso_4|당신은 부대 사이를 누비며 병사들의 눈을 맞추고 이 순간의 중대함을 전했습니다.^^'이 땅 전역에서 우리는 이 시간, 이 전장에서 각자의 운명을 맞이하기 위해 모였다. 우리가 떠난 뒤에도 사람들은 노래를 통해 우리의 이름을 부를 것이며, 이곳 들판에서 우리가 찾아낸 위대함을 노래할 것이다!'
mno_defendiendo_1_fd|좋은 연설이었다. 돌아간다.
menu_discurso_5|당신은 부대 사이를 누비며 병사들의 눈을 맞추고 이 순간의 중대함을 전했습니다.^^'형제들이여! 자네들은 태어나 전사가 되었다. 어제는 행군했으나 오늘은 싸울 시간이다! 오늘 우리는 적들의 피를 뿌리고 그들을 파멸시킬 것이다. 오늘 우리는 방패가 부서질 때까지 싸울 것이다. 자네들의 삶은 오늘을 위해 존재했다. 오늘 우리는 형제로서 함께 정복할 것이며, 오늘 밤 적의 식탁에서 연회를 베풀 것이다!'
mno_defendiendo_1_gd|좋은 연설이었다. 돌아간다.
menu_discurso_6|당신은 부대 사이를 누비며 병사들의 눈을 맞추고 이 순간의 중대함을 전했습니다.^^'병사들이여! 나의 형제들이여! 보라, 우리는 수많은 날을 행군해 왔다. 자네들의 보상이 기다리고 있다! 그 보상과 영광은 적들의 신음에서 나올 것이다! 이제 가라! 자네들의 운명을 향해! 보상을 쟁취하라! 싸워라! 싸워라! 싸워라!'
menu_discurso_7|당신은 부대 사이를 누비며 병사들의 눈을 맞추고 이 순간의 중대함을 전했습니다.^^'친구들이여! 내 말을 들어라! 오늘 우리의 화롯가에서 불릴 노래가 원수들의 피로 쓰일 것이다! 자네들은 자유인이다! 누구도 우리 땅을 침범하고 무사히 돌아갈 수 없다. 우리 앞의 적들이 거대하나, 저들은 집을 지키기 위해서가 아니라 약탈을 위해 왔을 뿐이다. 저들은 쓰러질 것이다! 창을 들어라! 굳건히 버티고 절대 굴복하지 마라! 그 누구도 이 오합지졸 겁쟁이들에게 우리 땅과 영광을 내주지 않을 것이다. 싸워라! 죽을지언정 굴복하지 마라! 절대, 절대, 절대!'
mno_defendiendo_1_id|좋은 연설이었다. 돌아간다.
menu_discurso_8|당신은 부대 사이를 누비며 병사들의 눈을 맞추고 이 순간의 중대함을 전했습니다.^^'병사들이여, 우리는 적 앞에 섰다. 전투를 준비하라. 검을 뽑고 창을 잡아라! 이 방패 벽이 우리의 집이니, 적들을 기꺼이 맞이하자! 오게 두어라! 방패 벽끼리 서로 부딪히게 하라! 필요한 것은 자네들의 팔과 심장뿐이다. 이 방패 벽 안에서 우리는 형제로 서게 될 것이다. 자네들 가슴 속의 불꽃이 너무나 뜨거워, 이 벽은 우리가 아니라 적들을 보호하고 있는 것임을 나는 안다! 우리의 운명은 영광이다! 자네들이 스스로 내주지 않는 한 누구도 뺏을 수 없다.'
mno_defendiendo_1_jd|좋은 연설이었다. 돌아간다.
menu_discurso_9|당신은 부대 사이를 누비며 병사들의 눈을 맞추고 이 순간의 중대함을 전했습니다.^^'가자, 병사들이여! 전장으로 나아가 적과 맞서자! 자네들과 같은 이들이 있다면 우리의 방패 벽은 저 비겁한 개들에게 절대 무너지지 않을 것이다! 옛 영웅들처럼 나아가 도륙하자. 모든 이가 영웅이 되고, 모든 이가 진정한 사내가 될 것이다! 오늘 우리는 까마귀들을 포식하게 만들 것이다!'
mno_defendiendo_1_kd|좋은 연설이었다. 돌아간다.
menu_discurso_10|당신은 부대 사이를 누비며 병사들의 눈을 맞추고 이 순간의 중대함을 전했습니다.^^'자네들의 아이와 아내를 기억하라. 자네들의 집과 조상을 기억하라. 자네들의 신과 오늘 우리가 싸우는 이유를 기억하라. 우리는 더 나은 세상을 만들기 위해 이곳에 있다! 우리를 마주한 저들도 이를 알기에 우리의 결의를 두려워하고 있다. 저들은 겁에 질려 바지에 오줌을 지리고 잎새처럼 떨며 창조차 제대로 잡지 못하고 있다! 병사들이여! 나는 나의 검과 방패를 들고 피와 땀을 흘리며 자네들 곁에 서 있겠다. 이런 거인들과 어깨를 나란히 하는 것이 자랑스럽다. 동지들이여, 운명이 기다린다. 이제 그것을 쟁취할 시간이다!'
mno_defendiendo_1_l|좋은 연설이었다. 돌아간다.
menu_discurso_11|당신은 부대 사이를 누비며 병사들의 눈을 맞추고 이 순간의 중대함을 전했습니다.^^'이 불타는 곳에서 광야로 나아가 적들에게 맞서자. 죽는 자는 우리 신과 함께할 것이요, 죽지 않는 자의 이름은 영광을 얻으리라. 내가 앞장설 테니 내가 하는 대로 따르라. 신을 증인 삼아 선언하노니, 나의 형제이자 동료 기사인 자네들을 결코 떠나지 않겠다!'
menu_discurso_12|당신은 부대 사이를 누비며 병사들의 눈을 맞추고 이 순간의 중대함을 전했습니다.^^'오늘 저녁 해는 적들 위로 지겠지만, 우리는 봄날의 햇살처럼 빛날 것이다. 지금은 긴장되어 떨릴지 모르나 자네들의 떨리는 손은 저들에 비하면 아무것도 아니다. 저들은 바람에 흩날리는 가을 낙엽일 뿐이나, 우리는 저들을 들판 너머로 흩어버려 다시는 보이지 않게 할 포효하는 폭풍이다. 창을 휘둘러라. 저들의 나무를 쓰러뜨리는 천둥이 되어라. 이 땅 - 숲과 언덕과 들판 - 은 우리의 것이다. 계절이 지나고 세월이 흘러도 영원히 그러할 것이다!'
mno_defendiendo_1_m|훌륭한 연설이었다. 돌아간다.
menu_doccinga_messenger|지저분한 노새를 채찍질하며 농부 한 명이 다가옵니다. 그는 귀하 앞에 멈춰 숨을 몰아쉬며 외칩니다.^^'황소목 스벤이 배 세 척을 끌고 독싱가로 진격하고 있소! 손크릭이 경고를 전하라고 나를 보냈소. {s4}은 오지 않을 것이오. 그는 우리를 운명에 내맡겼소! 다른 야를들에게도 소식을 전하겠지만, 저들은 덴마크인이라 프리지아인 따위는 신경 쓰지도 않소. 제발 도와주시오. 우리 사람들을 구해주시오!'^^농부는 노새를 걷어차며 멀어져 갑니다. '우리 사람들을 구해주시오'라는 그의 절박한 외침이 고통스러운 잔향이 되어 귓가에 맴돕니다.
mno_choice_01mess_1|계속...
menu_doccinga_messenger2|전령 한 명이 말을 달려 다가옵니다. 그는 귀하 앞에 멈춰 숨을 몰아쉬며 외칩니다.^^'손크릭 님이 독싱가에서 귀하를 찾고 있소, {playername}. 최근 전투에서 황소목 스벤의 바이킹 약탈자 중 한 명을 생포했소.^^그는 귀하가 죄수를 심문하는 데 관심이 있을 거라 생각하여 가급적 빨리 와달라고 청했소. 손크릭 님도 왕이나 야를이 권리를 주장하기 전까지 얼마나 더 죄수를 붙잡아 둘 수 있을지 모른다고 하셨소.'
mno_choice_01mess2_1|손크릭에게 소식을 잘 받았다고 전하시오.
menu_doccinga_c_assault|독싱가 근처 언덕에서 마을 사람들이 도망치는 모습이 보입니다. 용감한 몇몇 이들과 국왕의 병사 일부가 해변에서 방패 벽을 형성하여 재산을 지키거나, 최악의 경우 사랑하는 이들의 도주를 돕기 위해 결사항전을 준비하고 있습니다.^^바다 멀리 바이킹 전함 세 척이 보입니다. 거리가 멀어 자세히는 보이지 않지만, 전사들로 가득 차 있을 것임은 자명합니다.^^당신의 마음은 황소목 스벤이 귀하의 배를 공격했던 그 해전의 기억으로 되돌아갑니다. 이제 마침내 그 거구의 바이킹이 사정권 안에 들어왔습니다.^^독싱가에서 한 남자가 달려 나오는 것이 보입니다. 그는 전사처럼 보이며 당신을 발견하고는 이쪽으로 향합니다...
mno_choice_01ass_1d|독싱가를 돕기 위해 전사에게 다가갑니다.
mno_choice_doccinga|병력을 더 모집한 뒤에 돌아오자.
mno_encounter_save|나중에 돌아오겠다. 독싱가는 조금 더 버틸 수 있을 것이다.
menu_doccinga_c_assaultnoche|밤이 깊어 병사들에게 휴식이 필요합니다. 아침에 다시 오십시오.
mno_choice_01assault_3d|계속.
menu_noaccessallowed|너무 많은 병사들을 데리고 다니면 사람들은 공격으로 오해하여 두려워할 수 있습니다. 당분간 일부 병사들을 막사에 두고 오는 것이 좋을 것입니다.
mno_choice_01nall_3d|계속.
menu_doccinga_c_assault2|마을에 가까워지자 독싱가를 탈출하는 피난민 행렬이 보입니다. 짐과 무거운 수레 때문에 이동이 매우 느립니다. 해변에서 바이킹을 막지 못하면 이들은 모두 몰살당할 것입니다.
mno_choice_01ent_1e|독싱가로 진입합니다.
menu_doccinga_victory|당신의 손등에서 팔꿈치까지 피가 뚝뚝 떨어집니다. 주변에는 오직 죽음뿐이며, 당신의 귓가는 죽어가는 이들의 신음으로 가득합니다.^^패배한 바이킹들은 수많은 사체와 부상자를 남겨둔 채 바다로 물러났으나, 승리를 위해 치른 대가는 너무나도 컸습니다.^^바이킹의 배들이 분명했음에도 습격자 중에 황소목 스벤이 없었다는 사실은 당신를 당혹게 합니다. 증오스러운 원수는 대체 어디에 있단 말입니까?^^손크릭의 말이 뇌리를 스칩니다. 어쩌면 켄네머의 야를을 찾아가 설명을 들어야 할 때일지도 모릅니다.
mno_choice_01vic_1|계속.
menu_frisa_proscrito|독싱가를 떠나라는 켄네머 야를의 유예 기간이 끝났습니다. 이제 당신는 프리지아의 무법자로 선포되었습니다.
mno_choice_01poc_1a|계속.
menu_thiaderd_muerto|전투는 처절했습니다. 티아데르트의 부하들은 사자처럼 용맹하게 싸웠으나, 당신의 군대가 마침내 그들을 섬멸했습니다.^^티아데르트의 시신은 그가 이끌던 전사들의 시체더미 사이에 누워있습니다. 당신는 소임을 다했습니다. 이제 남은 것은 바로 앞에 있는 티아데르트의 은신처를 약탈하는 것뿐입니다.
mno_choice_01_1ath|계속.
menu_thiaderd_battle|전투는 불가피합니다. 티아데르트는 레긴하르트를 보자 격노하며 부하들에게 공격 명령을 내렸습니다.
mno_choice_01_thiaderd|전장으로!
mno_talk_to_thiaderd|병사들과 대화합니다.
mno_kill_thiader_fam|그들 모두를 죽이고, 은신처를 불태운 뒤 그들로부터 약탈할 수 있는 모든 것을 빼앗는다.
mno_loot_thiader_fam|은신처를 약탈하되, 주민들은 살려둔다.
mno_no_kill_thiader_f|우리는 살인자가 아니다! 그들을 그 곳에서 살게 놔둘 것이다.
mno_choice_farmth|더 많은 병력을 모은 후 돌아옵니다.
menu_frisa_beach|바닷바람이 얼굴을 스칩니다. 갈매기 울음소리와 함께 소금 내음이 점점 짙어집니다. 멀리 숨겨진 해변에서 배의 실루엣이 보입니다. 손크릭이 말했던... 당신의 배입니다.
mno_enterbea|해변으로 내려간다.
mno_leavebea|다음에 다시 온다.
menu_sven_lair|강가에서 바이킹 요새의 모습이 드러납니다. 스벤의 은신처를 찾아낸 것입니다!^방어에 유리하고 작은 항구까지 갖춘 요새입니다. 성벽 너머 집들 사이로 전사들이 보입니다. 들키지 않고는 정확한 수를 파악하기 어려우나 최소 수십 명은 되어 보입니다.^요새 중앙에는 팔려 나갈 준비를 하는 포로들이 있습니다. 혹시 당신의 어머니도 저들 중에 계실까요?
mno_talk_to_fort_leader|요새 지도자와의 면담을 요청합니다.
mno_enter_to_buy_prisoners|요새에 들어가 포로들을 사들입니다.
mno_initial_attack|기습 공격을 감행합니다.
mno_nosurprise_attack|요새를 총공격합니다!
mno_conquestsl_attack0|스벤의 부하들이 우리 군을 감시하고 있습니다. 나중에 다시 와야 합니다.
mno_conquestsl_attack|스벤의 은신처를 정복합니다!
mno_choice_fort|병력을 더 모은 뒤 다시 돌아온다.
menu_sven_lair_comprado|황소목 스벤의 은신처를 뒤로하고 떠납니다. 부하들의 희생을 막기 위해 외교적으로 목표를 달성하기로 했습니다.^^이제 일행에 칸타브리아 출신의 옛 친구 보도가 합류했습니다. 은신처 밖으로 나오자 그는 당신에게 따로 걷기를 청합니다. 그는 스벤이 '워든 릭' 호를 습격한 이후에 벌어진 일들을 들려주고 싶은 모양입니다.
mno_talk_to_bodo|보도와 대화합니다.
menu_svenlair_victory|처절한 전투 끝에 당신의 군대는 은신처를 지키던 바이킹들을 제압했습니다. 은신처 안에는 집이 한 채 있었고, 집 안에서 여자 둘과 남자 한 명, 총 세 명의 포로를 발견했습니다. 여인들은 다른 약탈지에서 끌려온 듯한 모르는 사람들이었으나, 남자는 당신와 함께 '워든 릭' 호를 타고 여행했던 칸타브리아인 보도였습니다.^^옛 친구 보도가 당신의 부대에 합류했습니다. 그는 당신에게 따로 걷기를 청하며 스벤의 습격 이후에 대해 이야기하려 합니다. 하지만 그전에, 이 은신처를 어떻게 처분할지 결정해야 합니다.
mno_take_itv|이곳은 좋은 거점입니다. 부하들에게 이곳을 정비하라고 명령합니다.
mno_destroy_itv|흥. 부하들에게 이곳을 약탈하고 파괴하라고 명령한다.
menu_sven_lair_final|운명이 당신를 농락하는 듯합니다. 처음에는 모든 것이 어머니의 죽음을 가리켰기에 당신는 생존과 복수, 그리고 스벤을 죽이는 것만을 목표로 달려왔습니다. 그러나 이제 어머니가 살아 원수의 손아귀에 있음을 알게 된 지금, 당신의 최우선 순위는 그녀를 찾아 구출하는 것입니다.
mno_travel_sv|가자.
menu_svenlair_victory_conquista|치열한 전투 끝에 당신의 군대는 은신처를 지키던 바이킹들을 물리쳤습니다. 이제 이곳을 어떻게 처분할지 결정해야 합니다.
mno_take_itsl|이곳은 좋은 거점입니다. 부하들에게 이곳을 정비하라고 명령합니다.
mno_destroy_itsl|흥. 부하들에게 이곳을 약탈하고 파괴하라고 명령한다.
menu_farmstead_sigurd|비포장도로를 따라 들어가자 몇 채의 집을 감싼 커다란 울타리가 나타납니다. 부유한 이의 집처럼 번창해 보입니다.^그 근처에서 사람들이 분주히 움직이는 모습이 보이지만, 분위기는 평온합니다.
mno_enter_to_farmstead|농장으로 들어갑니다.
menu_farmstead_sigurd2|얼마 지나지 않아 감시병들이 한 무리의 무장 집단이 접근 중임을 알립니다. 농장에 긴장감이 감돌지만, 언덕 위에 있던 에길은 국왕의 깃발을 확인하고 안심하라는 신호를 보냅니다.^^호릭 왕이 지원군을 보냈습니다!
mno_talk_kingleader|그들의 지도자와 대화합니다.
menu_farmstead_sigurd3|농장에서 보내는 하루는 고된 여행과 어려운 결정들로부터 벗어날 수 있는 안식처가 되어줍니다. 잠시 이곳이 당신의 농장인 것처럼 꿈꿔봅니다. 밭을 일구고, 종들을 거느리며, 매일이 전날보다 더 나아지는 평범한 삶을 말입니다. {s2}. 문 앞 벤치에 앉아 해가 지거나 뜨는 것을 바라보는 당신의 모습을 상상해 봅니다... 이것이 진정 당신이 원하는 삶입니까? 아니면 너무 큰 바람일까요?^어느 쪽이든, 평온한 삶을 꿈꾸기엔 아직 해야 할 일이 너무나 많습니다.^이튿날, 감시병이 무장 집단의 접근을 알립니다. '뱀 속의 눈' 시구르드의 깃발을 든 대부대입니다. 명령을 내리기도 전에 당신의 병사들은 무기를 챙기고 갑옷을 갖춰 입은 채 농장 입구에서 방패 벽을 형성합니다.
mno_enter_to_battlefs|교환을 시작합니다.
menu_farmstead_sigurd4|도착한 이들을 살피니 예순 명은 족히 넘는 잘 무장된 전사들입니다. 머리에 자루를 뒤집어쓴 포로 한 명이 당신 앞으로 떠밀려 나옵니다...
menu_hablar_olvir|참혹한 전투가 끝난 울프의 농장은 시체로 뒤덮였습니다. 병사들은 사체 사이를 뒤지며 부상자들을 처리하고 값나가는 물건들을 챙깁니다. 죽어가는 전사의 손가락을 잘라 금반지를 빼내는 에길, 학살의 현장을 공포에 질려 바라보는 부룬힐드, 그리고 시체 위에 앉아 웃고 있는 레긴하르트를 바라봅니다. 당신 자신은 어떤 기분인지 알 수 없습니다. 누군가는 전쟁이 인간의 영혼을 삼키는 탐욕스러운 악마라고 했습니다. 당신도 변한 것일까요? 당신만은 그들과 다를까요?^^상념에 빠져 있을 때 병사 둘이 올비르를 끌고 옵니다. 그는 살아있으나 옆구리에서 쏟아지는 피를 멈출 수 없어 명줄이 얼마 남지 않아 보입니다.
mno_talk_to_olvir|올비르와 대화합니다.
menu_doccinga_prisonerjoined|여행 중 한 남자가 당신의 군대 쪽으로 다가옵니다. 그는 몇 야드 거리에서 무기를 내려놓고 빈손을 들어 보입니다. 자세히 보니 독싱가에서 당신이 심문한 뒤 살려주었던 바로 그 바이킹 선장입니다.
mno_talk_to_captain|그가 무슨 말을 하는지 들어봅니다.
menu_entregar_bodo|시구르드의 부하 둘을 데리고 보도에게 다가갑니다. 상황을 설명하자 보도는 아무런 저항도 하지 않았습니다. 시구르드의 부하들이 그를 멀리 끌고 가는 동안, 보도는 떠나기 직전까지 눈물이 맺힌 채 당신를 바라보았습니다. 부룬힐드와 레긴하르트는 당신의 선택이 못마땅한 듯 보입니다.
mno_talk_to_bodoentregado|보도와 이야기합니다.
menu_arboleda_conrey|당신은 주위의 눈과 귀를 피해 왕을 따라 근처 숲으로 향했습니다.
mno_talk_to_reyhorik|호릭 왕과 대화합니다.
menu_arboleda_conrey2|당신은 주위의 눈과 귀를 피해 왕을 따라 근처 숲으로 향했습니다.
mno_talk_to_reyhorik2|호릭 왕과 대화합니다.
menu_meeting_ragnarssons|스노팅가함 성문 앞에서 몇몇 사내들이 당신를 맞이하러 나옵니다. 무장을 하고 있으나 위협적이지는 않으며, 당신를 보고 반가워하는 기색입니다.
mno_talk_to_siegemen|그들과 대화합니다.
menu_primer_barco|당신의 첫 선박을 손에 넣었습니다. 배는 단순히 바다를 건너는 수단에 그치지 않습니다. 바다 건너 무역으로 부를 쌓게 해주고, 해안 정착지를 신속히 급습하여 공포를 떨치게 하며, 타국을 정복하여 지배자가 되게 해줍니다. 북부인들은 배가 내세까지 함께할 것이라고도 말합니다.^^하지만 항해는 위험천만한 일입니다. 바다는 선체 아래에 입을 벌린 무덤과도 같아 언제든 당신과 부하들을 삼킬 준비가 되어 있습니다. 겨울 폭풍은 배에 큰 해를 입히며, 잔잔한 날씨조차 노를 저어야 하기에 마냥 좋지만은 않습니다. 선원들의 과로를 막으려면 밤에는 항해를 멈추고 육지에서 휴식을 취하는 것이 관례입니다.^^배는 귀중한 자산이므로 주인은 항상 세심히 살펴야 합니다.^^항해하고 싶을 때면 언제든 이곳으로 돌아오십시오...
mno_choice_01_1bar|계속.
mno_lugar_des|출발합니다.
menu_banquete_moral_refuge|부하들에게 무기를 내려놓게 하고 연회장으로 불러 지위에 따라 자리에 앉힙니다. 당신과 가장 가깝고 소중한 이들이 곁에 앉습니다. 처녀들이 고기와 벌꿀주를 아낌없이 내옵니다.^^당신은 부하들을 위해 거금을 들였습니다. 그들은 함께 피를 흘리며 영토 정복을 도운 충실한 추종자들이기 때문입니다.^^밤이 깊어갑니다. 많은 부하가 술통째 마신 듯 취해 노래하고 소리칩니다. 누군가는 구토하러 달려가고, 누군가는 여자의 관심을 끌려 수탉처럼 싸워댑니다. 뒤편에선 음유시인이 당신의 권세와 업적을 노래합니다.^^당신은 전쟁 군주로서 행동합니다. 당신은 진정한 군주이자... '백성의 목자'입니다.
mno_banquete_okr|함께 마시고 웃으며 소리칩니다.
mno_banquete_ok2r|맨정신을 유지한다. 술을 맛보긴 하지만 필요 이상으로 마시지 않는다.
mno_banquete_ok3r|부하들을 불러 반지와 팔찌를 하사합니다. (2000 페닝)
menu_player_lair_menus|{s10}(은)는 당신만의 은신처입니다. 적들로부터 안전한 비밀 거처이며, 상황이 좋지 않을 때 몸을 숨기거나 여행 중 휴식을 취하고 개인적인 보물을 보관할 수 있는 곳입니다. ^^{s11}^^{s13}
mno_banquete_refugemead|부하들은 이곳에서 연회를 즐길 자격이 있습니다.
mno_guarida_rename|은신처의 이름을 변경합니다.
mno_lair_interior|은신처 회당으로 이동합니다.
mno_lair_interior_door|은신처 정문.
mno_visit_tavern_lair|선술집으로 이동.
mno_visit_tavern_lair_door|선술집으로 들어가는 입구.
mno_lair_buildings_improve|선장과 대화하기.
mno_lair_buildings_improve_door|은신처 정문.
mno_hirelair_staff|업무를 보조할 인력을 고용합니다.
mno_lair_inspect|은신처를 둘러봅니다.
mno_lair_inspect_door|광장으로 들어가는 입구.
mno_mylair_station_troops|은신처의 수비병을 관리합니다.
mno_demoler_lair|은신처를 철거합니다.
mno_lair_wait|이 곳에서 머무릅니다.
mno_see_ships|당신의 선박을 확인합니다. (WIP)
mno_embarkre|승선합니다.
mno_lair_leave|떠납니다.
mno_lair_leave_door|이 지역을 떠납니다.
menu_demoler_lairm|은신처를 정말로 철거하시겠습니까?
mno_demoler_yes|철거합니다. (1000 페닝)
mno_demoler_no|돌아갑니다.
menu_conversacion_companions1|가던 길을 멈추고 휴식을 취하고 있을 때, 부룬힐드가 동료들을 이끌고 다가옵니다. 그녀는 당신에게 할 말이 있는 듯합니다.
mno_talk_to_brunhild|부룬힐드의 말을 들어봅니다.
menu_conversacion_companions2|가던 길을 멈추고 휴식을 취하고 있을 때, 동료들이 다가옵니다. 그들의 얼굴에는 걱정스러운 기색이 역력합니다.
mno_talk_to_companions2|그들의 말을 들어봅니다.
menu_conversacion_companionsbodo_choice|가던 길을 멈추고 휴식을 취하고 있을 때, 보도가 동료들을 이끌고 다가옵니다. 그는 당신에게 할 말이 있는 듯합니다.
mno_talk_to_bodochoice|보도의 말을 들어봅니다.
menu_caio_entry|부하 중 한 명이 당신을 찾아온 손님이 있다고 알립니다. 행복해 보이는 껑충한 소년으로, 늙은 로마인의 아들이 분명해 보입니다.
mno_talk_to_caio|계속.
menu_egil_conversacion|한 사내가 숨지 않고 당당하게 다가오고 있다는 보고를 받았습니다. 그는 키가 컸고, 체격은 마치 곰처럼 건장합니다. 그는 무장하지 않았음을 보여주기 위해 빈손을 들어 보이며 당신을 향해 걸어옵니다. 부하 중 한 명이 창으로 그를 제지합니다.
mno_talk_to_egil|계속.
menu_aghatinos_conversacion|길가 바위에 앉아 기다리던 한 사내가 일어납니다. 수척하고 키가 크며 초라한 옷차림을 한 그는 위협적이지 않아 보입니다. 이 낯선 이는 차분히 당신이 가까이 오기를 기다리더니, 부하들 사이에서 당신을 찾아내어 다가옵니다.
mno_talk_to_aghatinos|그와 대화합니다.
menu_egil_rebelion|상황이 심상치 않습니다. 비명소리가 들리더니 에길이 괴성을 지르며 당신을 향해 돌진해옵니다.
mno_talk_to_egilreb|에길의 말을 들어봅니다.
menu_egil_rebelion2|에길의 몸이 당신의 발치에 누워 영원한 잠에 빠져듭니다. 일부 추종자들이 장례를 위해 시신을 수습합니다. 에길은 부대에서 사랑받던 동료였기에 그의 죽음은 전사들의 마음을 무겁게 짓누릅니다.
mno_permitir1|에길을 묻어주는 이들과 함께하며 장례 비용을 지불합니다.
mno_permitir2|그들이 에길의 장례를 치르도록 허락합니다.
mno_permitir3|부하들이 에길을 매장하지 못하게 합니다. 그의 시체를 까마귀들에게 줘 버립니다!
menu_egil_duel|에길이 당신을 향해 걸어나옵니다. 사람들은 둘을 에워쌉니다. 이제 둘 중 한 명은 죽어야만 합니다.
mno_fight_egilrebdu|싸웁니다.
mno_choice_01_1frankia|계속.
menu_cueva_odin|바다 내음이 진동하고 절벽에 부딪히는 파도 소리는 마치 천둥소리와도 같았습니다. 당신은 해변의 끝에 걸린 좁은 길에 사람이 지나간 흔적이 있음 알아챕니다. 혼자서만 지나갈 수 있는 좁은 험로이기에 당신은 부하들에게 뒤를 지키라는 명령을 남기고 홀로 조사에 나섭니다.
mno_enterod|다가간다.
mno_enterod2|누군가의 소굴같아 보인다. 살펴본다.
mno_choice_od|아무도 동굴에 다시 돌아오지 않았습니다. 당신은 머리를 멤도는 기억에 몸서리칩니다.
mno_encounter_savefarmod|준비가 더 필요하다고 판단됩니다. 떠납니다.
menu_orm_duel|농장 옆 빈터로 이동하자 울프의 노예들이 결투 장소의 경계를 표시하는 돌을 원형으로 둘러놓았습니다. 주변에 모인 사람들과 부하들이 당신을 응원하기 위해 둘러쌓여 있습니다.^^앞에 선 '검은 오름'이 거대한 근육을 풀고 있습니다. 그는 자신감이 넘쳐보입니다. 무패 행진을 이어온 그의 결투 기록을 고려하면 그런 자신감이 과해 보이진 않습니다. 동료들은 격려와 조언을 건네지만, 비관적인 레긴하르트만은 당신의 묘비에 새길 룬을 고르게 됐다며 걱정과 투덜거림을 늘어놓습니다.^갑자기 에길이 오름을 가리킵니다! 광전사의 몸풀기가 끝나자 그의 몸이 경련하고 입가에는 하얀 거품이 일기 시작합니다. 그는 충혈된 눈으로 괴성을 지르더니, 거구에 어울리지 않는 속도로 독사처럼 튀어올라 당신에게 달려듭니다.
mno_duel_orm|결투에 뛰어든다.
menu_orm_duel_win|'검은 오름'의 시신이 발치에 누워 있습니다. 야수 같은 공격을 막아내느라 팔이 욱신거리고, 필사적이었던 결투의 순간들이 머릿속을 스칩니다. 고통에 무감각한 광전사의 분노에 경외심마저 듭니다. 광전사와의 싸움에서 살아남다니, 운이 따랐음이 분명합니다!
menu_viking_duel_win|결투가 끝났고, 당신은 {s1}을(를) 물리쳤습니다. 스칼드들은 당신의 승리를 노래할 것이며 그 무용은 널리 퍼질 것입니다.
menu_viking_duel_lose|{s1}은(는) 당신에게 너무 벅찬 상대였습니다. 당신은 패배하였고, 그 패배는 {s1}의 승리를 드높일 것이었습니다. 스칼드들의 노래 속에서 당신의 이름은 오직 패배자로 기억될 것입니다.
mno_duel_rebelion|결투를 수락합니다.
menu_duel_rebelion_enemyback|당신의 맹렬한 기세에 겁먹은 적들은 끝내 결투를 거절하였습니다. 당신의 부하들이 그의 비겁함을 조롱하는 동안 그는 조용히 군대를 이끌고 물러났습니다.
menu_duel_rebelion_win|결투가 끝났습니다. 적은 당신의 무용 앞에 쓰러졌습니다. 이 일이 잠재적 경쟁자들에게 경고가 되기를 바랍니다. 이제 부대의 사기를 높이고 신뢰를 회복할 때입니다.
menu_thething_messenger|전령이 말을 달려 다가오더니 숨을 몰아쉬며 외칩니다.^^'나의 왕이신 호릭 왕께서 당신을 리베 근처에서 개최되는 총회에 초대했소. 그곳에서는 황소목 스벤과 시구르드 라그나르손이 당신에게 제기한 문제가 다뤄질 것이니, 판결이 불리하게 내려지기 전에 서둘러 가야 할 것이오."^^말을 마친 전령은 급히 떠나갔습니다.
mno_choice_01_1thing|계속.
menu_the_holmgang|한 무리의 무장된 병사들이 당신에게 다가오고 있습니다. 그들은 왕의 오른팔인 하랄드 하랄드손이 이끄는 부하들로, 당신이 총회에서 한 약속에 대해 알리기 위해 온 사람들 입니다. 홀름강의 결투 준비가 끝났고, 당신의 상대는 이미 작은 섬에 도착했음을 알렸습니다. 그들은 당신의 부대를 애워싼 채 인근의 해안가로 안내했습니다. 그 곳에는 수척한 노인이 작은 쪽배와 함께 기다리고 있었습니다. 배 위에 올라 타자 하랄드의 병사 두 명이 배를 바다로 밀어주었습니다. 노인은 아무 말도 꺼내지 않은 채 수평선에 걸려 있는 작은 섬을 향해 노를 저었습니다.
mno_choice_01_1duelhom|계속.
menu_the_holmgang2|바다는 평온했습니다. 노인은 신중하고 느리게 노를 저었고, 노가 바다를 때리는 소리가 바다 위에서 들을 수 있는 유일한 소리였습니다. 자세히 보니, 그는 그렇게 늙지 않았지만 바다에서의 힘든 삶이 만든 깊은 주름이 그를 더 늙은 노인처럼 보이게 만든 것 같았습니다. 그는 소금기에 색이 바랜 옷을 입고 있었고, 그의 손의 피부는 마치 단단한 가죽같아 보였습니다. 그의 눈은 파랗고 수정처럼 맑아보였지만 단 한 순간도 당신에게 눈길을 주지 않은 채 작은 섬만을 응시합니다.^얼마전까지 동료였던이가 이제 결투의 상대가 되어 당신을 기다리고 있습니다. 총회는 두 명이 들어가 단 한 명만이 섬에서 나올 수 있다는 결정을 내렸습니다.^이내 배는 해변에 닿았고, 당신을 그 곳에 내리게 했습니다. 당신이 배에서 내리자 늙은 남자는 노를 저어 바다를 향해 몇십 미터 물러서더니 그 곳에 멈추어 기다리고 있습니다.
mno_choice_01_2duelhom|결투를 시작합니다.
menu_the_holmgang3|두 명이 섬에 들어가지만, 오직 한 명만이 섬에서 나올 것이다.'^^당신은 승리했지만, 그 대가로 당신의 옛 동료를 죽여야만 했습니다. 마음 속으로 당신이 예전에 레긴하르트에게서 자주 들은 경구를 떠올렸습니다. '운명은 가고 싶은 대로 가는 법이오, 운명은 항상 그녀가 가야 할 곳으로 가는 법이오!'^^노인은 다시 당신을 태워 당신의 부하들이 기다리고 있는 덴마크 땅으로 데려다줍니다. 당신이 도착하자 그들은 무거운 공기를 인식한 듯 말없이 짐을 챙깁니다. 그들은 곧 떠날 준비를 마쳤습니다. 하랄드와 그의 부하는 이미 먼저 떠났습니다. 이제 당신은 리베의 선술집에 들려 아스비요른이라는 총회의 법관을 만나야 할 시간입니다.
mno_choice_01_3duelhom|이동합니다.
menu_the_thing|한때는 거석을 세워 죽은 사람들을 기리거나 신들의 영광을 경배하던 곳이 지금은 총회를 위해 쓰이고 있습니다. 가까이 다가갈수록 수백 명의 목소리가 점차 또렷히 들리기 시작하고, 막사들이 보이기 시작합니다. 상인들의 가판대 에서는 음식 냄새나 느껴집니다. 총회와 이 장소는 단지 논쟁하고 판결하기 위한 곳이 아니라 인근의 사람들이 모여 새로운 소식을 교환하고 그들이 준비한 상품을 파는 축제의 장이기도 한 것 입니다.
mno_enter_thing|총회에 참석합니다.
menu_partida_ribe_fleet|리베 항구는 소란스럽습니다. 800명의 바이킹과 선장들이 배에 타는 동시에 노예들은 짐들과 보급품은 물론 심지어 가축까지 배에 싣습니다. 대부분 화물선인 노르선이지만 정예 전투함도 24척이나 포함되어 있습니다.^^당신은 낮 동안엔 당신이 도울 수 있을 만큼 일을 도와주었고, 밤이 되면 당신의 배에서 쉬었습니다. 부하들은 주변 이웃들과 과부들의 환대를 받으며 시간을 죽이고 있습니다. 황소목 스벤이나 그의 배에 다가갈 기회는 없었지만 함대를 지휘하기로 한 두 남자, 하랄드와 스벤에 대한 이야기는 들을 수 있었습니다. 그들은 온갖 종류의 어리석고 별 것 아닌 일로 논쟁을 벌이고 있다고 합니다. 하랄드의 부하 중 일부가 거리에서 칼에 찔렸다는 소식도 있습니다.^^드디어 모든 사람들이 긴 여행을 위한 준비를 마쳤고, 덴마크를 뒤로한 채 '고래의 길'을 따라 항해하기 위해 노를 저으며 리베 항구를 빠져나왔습니다.
mno_choice_01_3dfl|원정대에 합류합니다.
menu_partida_ribe_fleet2|야를 시구르드의 지지를 받고 있는 황소목 스벤과 호릭 왕의 지지를 받고 있는 하랄드 하랄드손 사이의 견해 차이는 너무나 뚜렷해서, 함대를 두 파벌로 갈라놓았습니다.^^하지만 지금은 그런 걱정을 할 때가 아닙니다. 배는 바람을 타고 자유롭게 파도를 가르며 남자들에게 명예를 가져다 줄 곳, 은이 강처럼 흐르는 곳, 앵글리아로 향하고 있습니다. 무엇보다 지금, 당신은 황소목 스벤에게 그 어느 때보다 가까이 접근하는 데 성공했습니다. 당신은 그를 죽이고 당신의 어머니를 구출할 기회를 기다리고 있습니다... 운명은 항상 인내하는 자에게 걸맞는 보답을 하는 법입니다.
mno_choice_02_3dfl|계속해서 앵글리아를 향해 항해합니다.
menu_sven_attack_fleet|날씨가 좋다면 리베에서 요르빅(덴마크어로 에오페르위치)까지 사흘이 걸리지만, 속도가 느린 화물선들 때문에 이번 여정은 하루이틀 더 소요될 것으로 보입니다. 선박들이 이곳 저곳에 흩어져서 항해하고 있지만, 항해를 하다 보면 이런 일은 일반적인 일입니다. 돛을 이용해 항해할 때 그 여정은 전적으로 바람의 의지에 따라 다스려지기 마련입니다. 함대는 목적지에서 다다라서야 다시 합류하게 될 것입니다.^^이번처럼 장거리 항해에는 규칙이 필요합니다. 정박할 해안이 없이 대양을 건너야 하므로 병사들은 밤에도 예외 없이 교대를 해 가며 일을 해야 합니다.좁은 배 안은 악취로 가득하고 음식과 물은 역한 맛이 나며, 용변을 볼 때마다 선미 너머를 위태롭게 바라봐야 하는 고역의 연속입니다.^^결국 하랄드와 스벤 사이의 갈등이 터져 나왔습니다. 지휘관들은 각자 충성스러운 선장들을 모아 별도의 모임을 갖기 시작했습니다. 하랄드가 긴급히 당신과 몇몇 선장들을 그의 배로 불러들였습니다. 스벤을 배신하고 하랄드에게 전향한 선장이 새로운 소식을 가져온 듯합니다.^^당신도 그 회의가 기대되었습니다. 어쩌면 어머니에 대한 새로운 정보를 얻을 수 있을지도 모르기 때문입니다.
mno_choice_mettingcap|선장과 대화합니다.
menu_playerflee_svenattack|전투의 비명과 검이 부딪히는 소리가 뒤편으로 멀어집니다. 당신은 황소목 스벤의 부하들이 하랄드 하랄드손의 군대를 학살하는 참혹한 현장을 뒤로하고 탈출했습니다. 이제 당신의 임무는 앵글리아로 건너가 야를 라드바르드 라그나르손을 찾아가 스벤이 왕의 군대를 배신하고 저지른 만행을 알리는 것입니다.
mno_choice_flee1|전투에서 빠져나갑니다.
menu_way_to_douaranenez|당신은 함대에 합류하자마자 선원들에게 돛을 올리고 당김줄을 당겨 범포를 펴라고 명령했습니다. 얼마 지나지 않아 아침 바람에 의해 선박은 서서히 움직이기 시작했습니다. 아침 바람에 배가 서서히 움직이기 시작하자 선장들이 노를 저으라고 고함을 칩니다. 돛과 노의 힘으로 함대는 항구를 떠나 탁 트인 바다로 나아갑니다.
mno_choice_01_3ddouar|두아르-안-에네즈를 향해 떠납니다.
menu_way_to_douaranenez2|좁은 배 안에서 수많은 병사와 부대끼며 불편한 항해를 이어갑니다. 바다의 짠 내음 사이로 땀과 오줌 냄새가 진동합니다.^날씨는 온화하여 폭풍은 없었으나 바람도 불지 않아 안개가 자욱합니다. 함대는 느릿느릿 나아가며 여정은 길어집니다.^^마침내 지평선 너머로 두아르-안-에네즈가 보입니다. 만에는 40척 이상의 배가 전투 대형을 갖춘 채 떠 있습니다. 그중 한 척이 함대를 향해 다가옵니다...
mno_choice_d1douar2|회담에 참석합니다.
menu_way_to_douaranenez3|마을 안쪽에서 아스투리아스 진영의 내분으로 인한 고함과 칼부림 소리가 들려옵니다.^^하지만 당신에게는 그보다 급한 일이 있습니다. 칸타브리아의 배가 돛을 활짝 펴고 당신의 선박을 향해 돌진해오고 있습니다. 회담에서 농담을 던지던 군딘살보도 지금은 중상을 입은 채 매우 진지한 표정입니다. 죽음을 두려워하지 않는 노련한 전사인 그의 얼굴조차 창백해집니다. 배에 오르자마자 함대는 당신의 명령만을 기다립니다.  이제 당신의 함대는 당신의 명령만을 기다리고 있습니다.
mno_choice_douarbdouar3|전투를 시작합니다.
menu_way_to_douaranenez4|바다는 불길과 피, 죽음이 소용돌이치는 지옥으로 변했습니다. 승리했으나 군딘살보를 포함한 수많은 이들이 칼날 아래 쓰러졌습니다.^^해전은 광기 그 자체였고, 패배한 적들은 두아르-안-에네즈로 도망쳤습니다. 부하들이 그들을 추격하여 작은 마을에서 다시 전투가 벌어집니다. 그곳에는 아스투리아스인들을 규합하려던 보도가 있습니다.^^이제 귀하가 전투에 뛰어들 차례입니다.
mno_choice_douard4|상륙합니다.
menu_way_to_douaranenez5|두아르-안-에네즈는 처음 도착했을 때와는 딴판입니다. 오직 불길과 죽음만이 가득합니다. 고통 속에 죽어간 주민들의 원혼 때문인지, 이 저주받은 땅에 다시 사람이 살 수 있을지 의문이 듭니다.^^당신은 부상자들의 애처로운 신음이 울려 퍼지는 거리를 방황하며, 장렬히 전사한 보도를 회상합니다. 아스투리아스 함대는 궤멸했고, 지도자 군딘살보를 잃은 소수의 칸타브리아인들이 당신의 부대에 합류했습니다. 이제 당신이 그들의 지도자입니다. 일부 부하들은 적의 잔당을 소탕하고 전리품을 챙기느라 분주합니다.
mno_choice_douarb15|전리품 중 당신의 몫을 주장합니다.
mno_choice_douarb26|당신의 몫을 포기하고 전리품들을 모두 부하들에게 나눠줍니다.
menu_bjorn_camp|언덕 위에 덴마크인들의 소규모 진영이 세워져 있습니다. 막사 수를 헤아려 보니 약 250명에서 300명 정도의 병력이 주둔 중인 듯합니다. 막사 중 하나에는 라그나르의 아들들 중 가장 이름 높은 비요른의 깃발이 휘날리고 있습니다.^^몇몇 병사가 앞을 막아섰으나, 신분을 밝히자 마치 미리 전갈이라도 받은 듯 길을 내주었습니다.
mno_enter_bjorncamp|진영으로 들어갑니다.
mno_enter_bjorncamp2|조사합니다.
menu_nothingam_siege|스노팅가함 아래쪽으로 앵글인과 색슨인의 거대한 진영이 보입니다. 수천 명을 수용할 만한 규모의 진영이며, 병사들은 도시 주변을 순찰하며 출입을 철저히 통제하고 있습니다. 멀리 성벽 위로 초소 순찰을 도는 덴마크 전사들의 그림자가 보입니다. 수적으로 열세에 처한 그들은 비축된 식량이 바닥나며 위태로운 나날을 보내고 있을 것입니다.
mno_mierce_patrols|머시아 순찰대 사이를 뚫고 스노팅햄으로 강행 돌파합니다.
mno_choice_snott|병력을 더 모집한 후에 다시 오겠습니다.
menu_nothingam_siege2|스노팅햄을 뒤로하고 다시 숲으로 돌아갑니다.
mno_mierce_patrols2|머시아 순찰대를 피해 스노팅햄을 빠져나가기 위해 강행 돌파합니다.
menu_nothingam_siege_al|스노팅가함에 다가가자 색슨인 순찰대가 포위했지만, 사절의 깃발을 보고 공격하지는 않았습니다. 그들은 앨프레드를 찾는 동안 약 한 시간가량 당신을 기다리게 합니다.^^마침내 한 무리의 기병이 도착하여 말에서 내린 뒤 당신에게 다가옵니다.
mno_talk_to_alfred|계속.
menu_ambush_kennemer|부대가 여독을 풀며 쉬는 동안, 당신은 잠시 혼자만의 시간을 갖기 위해 진영 밖 바위틈으로 자리를 옮겼습니다.^^바위 사이에 몸을 숨기고 휴식을 취하던 중, 오른쪽에서 들려오는 소음에 정적이 깨집니다.
mno_relax_broken|서둘러 무장하고 무기를 집어 듭니다.
menu_welsh_and_pictish_complete|20일이 지났고, 귀하는 {s3}을(를) 지켜내는 데 성공했습니다. 이제 황소목 스벤에 대한 소식과 보도의 편지에 대한 그들의 결정을 확인하러 갈 시간입니다.
menu_messeger_mothernews|전령이 수척한 말을 몰아 다가옵니다. 당신 앞에 멈춰 선 그는 숨을 고르더니 외칩니다.^^"{playername}이라는 자에게 전하는 전갈이오. 어머니의 소식을 알고 싶다면 도모크 인근 '멧돼지 숲'에 있는 나무꾼의 집을 찾아가시오."^^말을 마친 전령은 다시 말을 몰아 바삐 떠나갔습니다.
mno_choice_01_newsm|계속.
menu_circle_mystic|고대인들이 세운 듯한 신비로운 장소를 발견했습니다. 잠시 고대의 흔적과 그 예술적 정취를 감상하며 쉬어가기 좋은 때인 듯합니다.
mno_enter_quest|이동합니다.
mno_enter_mystic|그곳으로 다가갑니다.
menu_troll_bridge|멀지 않은 곳의 강 위에 다리가 하나 있습니다. 이 강은 아무런 이름도 없지만, 이 다리는 트롤의 다리라는 이름으로 알려져 있습니다.
mno_enter_troll|다리를 향해 가봅니다.
menu_battle_stones|근처에서 열석으로 둘러싸인 집 한 채를 발견했습니다. 평화와 정적만이 감도는 이곳은 가축을 돌보고 농사를 지으며 살아가기에 더할 나위 없이 평화로운 곳으로 보입니다. 전장을 떠도는 귀하의 치열한 삶과는 너무나도 동떨어진 풍경입니다.
menu_roman_fort|지나가는 길에 고대 로마 요새의 유적을 발견했습니다. 옛 브리타니아의 다른 지역에서 흔히 볼 수 있는 유적들과 유사한 모습입니다.
mno_enter_romanfort|조사합니다.
menu_farmland_menu|길을 따라 걷다 작은 마을에 도착했습니다. 굴뚝에서 연기가 피어오르고 있지만, 밖에는 개미 한 마리 보이지 않습니다.
mno_enter_ambush|마을에 들어갑니다.
menu_boar_grove|숲 깊숙한 곳에 도착했습니다. {s4}
mno_enter_hut|오두막으로 다가간다.
mno_enter_hut2|오두막으로 다가간다.
menu_aescesdun_camp|색슨족 군대가 레딩엄에서의 패배 이후 재집결을 위해 이곳으로 후퇴했습니다. 그들은 언덕 위에 진영을 세웠고, 매일같이 추가 병력들이 도착하고 있습니다. 덴마크군이 웨식스 깊숙이 침투하기 전에 요격하기에 최적의 요충지입니다.^^이곳의 이름은 에셰던입니다.^^{s4}
mno_enter_aescendun|진영으로 들어갑니다.
menu_aescesdun_empty|대군이 전투를 위해 진격한 뒤라 진영은 거의 비어 있으며, 극소수의 인원만이 남아 지키고 있습니다.
menu_readingum_camp|라그나르의 아들들이 이끄는 군대가 레딩엄이라 불리는 색슨인 마을을 요새화했습니다. 해자와 방어 시설을 갖춘 이곳에는 색슨인이 바이킹을 몰아내려 했던 전투의 흔적이 여전히 남아 있습니다. 주변을 방어하고 적의 포위를 막기에 아주 유리한 지점입니다.^^{s4}
mno_enter_readingum|진영으로 들어갑니다.
mno_the_speech|그들과 합류합니다.
menu_thetravel_danisharmy_l|덴마크의 대군이 에셰던에 도달했습니다.^^에셀드 왕은 군대를 둘로 나누어 하나는 본인이, 다른 하나는 동생인 젊은 앨프레드가 지휘하게 했습니다. 각 부대는 고대 도로인 '리지웨이'를 사이에 두고 양 갈래로 나아갑니다.^^바이킹이 전열을 가다듬는 동안, 에셀드는 전투 전 기도를 마칠 때까지 움직이지 않기로 고집을 부립니다. 하지만 덴마크군은 이미 두 갈래로 나뉘어 신속하게 접근하고 있습니다...
mno_choice_01_3ddarm|에셰던 전투를 시작합니다.
menu_mega_battle_ashdown|색슨군은 언덕 위 요지에 두 갈래로 나뉘어 포진했습니다. 한쪽 언덕은 에셀드 왕이, 다른 쪽은 앨프레드가 이끕니다. 덴마크군은 에셀드의 예상을 깨고 재정비도 없이 신속히 몰려오고 있습니다. 기도를 드리는 중이라 방해하지 말라는 에셀드의 명령과 달리, 덴마크군은 기다려주지 않습니다. 야를 할프단과 야를 박세그가 이끄는 본대는 에셀드를 향하고, 나머지 다섯 야를이 이끄는 부대는 앨프레드를 향해 언덕 위 고지를 점령하려 합니다. 그들이 고지를 차지한다면 전세는 매우 불리해질 것입니다...^^{s2} 당신은 {reg10}의 병력을 도와 {reg11}의 적군과 맞서 싸워야 합니다.
mno_encounter_attackasc|에셰던 전투를 시작합니다.
menu_svenbn_hunting|전장을 떠나는 길에 보이는 것이라곤 부서진 무기와 시체, 부상자, 그리고 죽어가는 이들에게 종부성사를 거행하는 사제들뿐입니다. 살아남았다는 안도감과 참혹한 광경에서 오는 분노가 뒤섞입니다. 그리고 스스로에게 묻게 됩니다. 왜? 왜 수많은 이들이 죽어갈 때 나만은 살아남아 끊임없이 살생을 되풀이해야 하는가?^^하지만 당신의 상념과 달리 운명은 다시금 요동치기 시작합니다. {s4}
mno_talk_to_leader|그와 대화합니다.
menu_ashdown_battle_over|전투는 끝났으나 방패와 검이 부딪치는 굉음, 병사들의 함성과 비명이 여전히 귓가에 멤도는 것만 같습니다. 무기를 쥔 손에는 아직 힘이 들어가 있고 전투의 긴장감은 가시지 않았습니다. 당신은 여느 때처럼 칼 한 자루에 의지해 아슬아슬하게 사선을 넘었습니다. 오늘은 승리했으나 이 운이 언제 다할지는 알 수 없는 노릇입니다. 당신의 삶이 끝나는 날, 누군가는 당신을 죽이고 명성을 얻게 되겠지요.^^에셰던은 단순한 전투가 아니었습니다. 수백의 사내가 격돌했고 대부분은 차가운 들판의 시신이 되었습니다. 에셰던의 이야기는 훗날 음유시인들에 의해 전설로 기억될 것입니다.
mno_aescesdun_no|계속.
menu_followers_camp_begin|당신의 명성을 듣고 매료된 사제들과 여인들이 부대에 합류하기를 청합니다. 상인들까지도 당신을 따르길 원하고 있습니다.^^이들은 진영 내에서 다양한 편의를 제공하여 부대의 사기를 높여주겠지만, 이동 속도가 느려져 행군을 지체시킬 것입니다.^^이 추종자들을 진영에 받아들이시겠습니까?
mno_followers_yes|그렇다. 그들을 환영할 것이다.
mno_followers_no|아니, 우리는 군인이다. 거추장스러운 이들은 필요 없다.
menu_followers_camp_leave|최근의 사건들과 병력의 급격한 감소로 인해, 당신을 따르던 추종자들이 흩어지고 있습니다...
menu_followers_remove|추종자들을 해산하시겠습니까? 이들은 더 이상 군대를 따라오지 않을 것입니다. 이는 부대 사기에 큰 타격을 줄 수 있습니다.
menu_sven_bullneck_readingum|이곳은 해자와 방어 시설을 갖추고 있으며, 색슨인이 바이킹을 축출하려 했던 이전 전투의 흔적이 남아 있습니다. 방어하기에 아주 유리한 거점입니다.^^{s4}
mno_talk_to_leadermen|그와 대화합니다.
mno_enter_to_talk_sven|레딩엄에 더 가까이 접근합니다.
mno_svenreadingum_attack|총공격하라!
mno_choice_doccingatsvf|더 많은 병사를 모집해 돌아온다.
menu_sven_halllatest|레딩엄 내부는 여전히 도륙이 이어지고 있으며, 당신의 부하들은 스벤의 잔당들과 혈투를 벌이고 있습니다. 하지만 그곳에는 당신이 찾는 이가 없습니다. 황소목 스벤은 당신의 어머니와 남은 부하들을 데리고 연회장에 바리케이드를 친 채 농성 중입니다. 이제 이 긴 여정에 마침표를 찍을 시간입니다.
mno_fight_svhall|연회장 내부로 진입합니다.
menu_mother_death|마침내 황소목 스벤이 죽었습니다. 복수를 완수했으나, 입안에는 씁쓸함만이 가득합니다. 당신을 길러준 어머니의 시신이 스벤의 곁에 놓여 있기 때문입니다. 그녀를 위해 모든 것을 버리고 프리지아까지 가서 치유사를 찾으려 했던 지난날이 스칩니다. 마지막으로 남긴 사랑한다는 말만이 귓가에 아스라이 울려 퍼집니다.^^스벤과 어머니는 당신을 지금까지 움직이게 한 원동력이었으나 이제 두 사람 모두 사라졌습니다. 당신의 일부가 함께 죽어버린 듯한 거대한 상실감이 밀려옵니다.^^치열했던 모든 일이 끝난 지금, 당신에게 남은 것은 오직 기억뿐입니다.
mno_mother_funeral|어머니의 장례식을 준비합니다.
menu_addons_messenger|전령이 말을 달려 다가옵니다. 당신 앞에 멈춰 서서 숨을 고르더니 외칩니다.^^"{playername}(이)라 불리는 {reg59?여인:사내}에게 전하오. 나의 주인이신 피니안 수도원장께서 귀하에 대해 듣고 중대한 임무를 논하고자 부르셨소. 발 에카다 근처의 피니안 수도원을 방문해주길 요청하셨소. 단지 와서 이야기를 듣는 것만으로도 1000 페닝을 약속하셨소."
mno_morrigan_1|수도원장에게 전언을 잘 받았다고 전해주시오.
menu_addons_messenger_morriganlair|전령이 급히 말을 달려 다가옵니다. 당신 앞에 멈춰 서서 숨을 몰아쉬며 외칩니다.^^"{playername}(이)라 불리는 {reg59?여인:사내}에게 전하오. 나의 주군 올쵸바르 맥 키나다와 동료 에드 맥 에인머레치께서 보내셨소. 그들이 서쪽에서 모리안의 은신처를 찾아냈으며, 공격하기 전까지 당신을 기다리고 있다고 하오."
mno_morriganlair_1|당신의 주인에게 가서 내가 가고 있다고 전하시오.
menu_first_attack_morrigan|칼리아카스가 일러준 대로라면 노인의 불탄 오두막이 마을에서 멀지 않다고 들었으나, 도무지 찾을 수가 없습니다. 차갑고 기괴한 안개가 자욱하게 깔려 한 치 앞조차 분간하기 힘듭니다. 설상가상으로 멀리서 늑대들의 울음소리가 들려오고, 그 소리는 점차 당신을 향해 좁혀져 옵니다.^^잠시 후... 어떠한 선율이 귀에 가득 차기 시작합니다. 모리안이 당신을 찾아낸 것입니다.
mno_morrigan_ambush|전투 준비!
menu_morrigan_leave|뿔피리 소리가 울려 퍼지자 적들이 도망칩니다. 당신을 감싸던 안개가 걷히는 것인지, 아니면 평정을 되찾아 시야가 확보된 것인지 주변이 보이기 시작합니다. 적들은 사라졌으나 이상하게도 시신 한 구 남지 않았습니다. 부하들의 검이 적에게 아무런 상처도 입히지 못한 것 같습니다.^^뿔피리 소리가 가깝게 들리더니 사람의 형체들이 보이기 시작합니다. 웅장했던 소리에 비해 적은 수의 인원이지만 당신은 안도합니다. 잠시 후 부하 중 한 명이 그들의 지도자를 안내해 옵니다.
mno_campeones_primerencuentro|그들과 대화합니다.
mno_morrigan_ambush2n|전투준비!
mno_enter_morriganlairch|용사들에게 다가갑니다.
mno_enter_maelbresailhall|도망쳐!
mno_mailbresail_attack|전투 준비!
menu_bresail_fort_visit|강 건너편에 집 몇 채가 흩어져 있고, 그 뒤로 이 지역 양식의 작은 요새가 보입니다. 무장한 전사들이 다가오자 농부들은 겁에 질려 달아났습니다.
mno_enter_mbfort|이동합니다.
menu_morrigan_dialog_final|마엘 브레살의 요새를 떠나자 모리안이 다가와 잠시 대화를 요청합니다.
mno_talk_to_morrigan|모리안과 대화합니다.
menu_event_siege_01|당신의 조언자 중 한 명이 병사들에게 배급할 식량에서 쥐를 발견했다고 보고합니다. 위생 관리에 신경 썼더라면 막을 수 있었을 일입니다.
mno_choice_01_1a|끔찍하군! 오염된 보급품을 모두 폐기하라.
mno_choice_01_2a|부하들을 굶길 수는 없다. 가능한 한 쥐를 많이 잡아 죽여라.
menu_ratas_siege|쥐들을 다 잡기도 전에 많은 병사가 복통을 호소하며 쓰러졌습니다.^^아군 사상자: {s8}
mno_back_to_siegea|상황이 끝났군.
menu_event_siege_02|캠프의 열악한 위생 상태로 인해 이질이 창궐하기 시작했습니다. 병사들이 속수무책으로 죽어가고 있습니다. 위생 관리가 절실한 상황입니다!
mno_choice_02_1b|치유사를 고용해 병든 자들을 돌보게 하라. (1000 페닝)
mno_choice_02_2b|내가 할 수 있는 것은 아무것도 없다.
mno_choice_02_3b|신에게 기도합니다.
mno_choice_02_4b|나와 동료들의 기술로 그들을 치료하겠다.
menu_enfermedad_siege|진영에 죽음의 그림자가 드리웠습니다. 수많은 병사가 병들어 죽어가고 있습니다.^^아군 사상자: {s8}
menu_enfermedad2_siege|질병으로 일부 병사가 목숨을 잃었으나, 고용된 치유사 덕분에 대부분 기력을 회복하고 있습니다.^^아군 사상자: {s8}
mno_back_to_siegeb|젠장, 공성전으로 돌아가자.
menu_enfermedad3_siege|진영에 죽음의 그림자가 드리웠습니다. 수많은 병사가 병들어 죽어가고 있습니다. 아마 당신이 믿는 신이 그나마 몇몇의 목숨을 구해주었을지도 모릅니다.^^아군 사상자: {s8}
mno_back_to_sieged|상황이 끝났군.
menu_enfermedad4_siege|당신 부대의 치유 기술 덕분에 많은 병사를 구했지만, 일부는 손을 쓸 틈도 없이 숨을 거두었습니다.^^아군 사상자: {s8}
mno_back_to_siegees|공성 진영으로 복귀합니다.
menu_event_siege_03|진영에 쓰레기와 온갖 더러운 것들, 해충이 들끓어 마치 돼지우리 같습니다. 병사들의 불만이 극에 달했습니다. 위생 환경을 개선해야 합니다!
mno_choice_03_4c|사기를 돋우는 연설을 하여 시간을 벌겠다.
mno_choice_03_2c|내가 할 수 있는 최선을 다해보겠다.
menu_event_siege_04|한밤중에 적군 일부가 침투하여 보급품에 불을 질렀습니다. 식량 일부가 소실되었습니다.
mno_choice_04_1d|그날 밤 보초를 섰던 병사들을 엄벌하여 본보기로 삼으라.
mno_choice_04_2d|아니, 아무 조치도 취하지 않겠다.
menu_event_siege_05|밤사이 당신의 병사들이 침투하려던 적들을 생포하고 처단한 뒤, 오히려 적의 보급품을 불태우는 성과를 올렸습니다.^^적군 사상자: {s8}
mno_choice_05_1e|임무를 훌륭히 완수한 그들을 치하한다.
mno_choice_05_2e|용사들에게 팔찌를 하사하여 보상한다. (300 페닝)
mno_choice_05_3e|그들에게 유급 휴가를 주어 여자들과 밤을 보내게 하라. (200 페닝)
mno_choice_05_4e|아무것도 하지 않겠다. 나는 냉정한 지도자이며 약점을 보여선 안 된다.
menu_event_siege_06|{reg59?부인:장군}, 식량 보급로가 위험합니다. 정찰병들이 아군 전선 뒤쪽에서 적의 습격대를 발견했습니다.^^이곳을 봉쇄하면 문제를 해결할 수 있을 것입니다.^^병력을 보내 보급로를 보호하고 적을 추격하시겠습니까?
mno_choice_06_1f|병력을 보내 보급로를 보호하고 적들을 쫓아냅니다. (병력은 당신의 부대에서 차출될 것입니다).
mno_choice_06_2f|전령을 보내 대가를 지불하고 그들을 매수하여 습격을 멈추게 합니다. (500 페닝이 들지만 해결된다는 보장은 없습니다).
mno_choice_06_3f|아무 것도 하지 않는다. (식량의 일부를 잃게 되지만, 당신의 병력들의 생명을 구할 것입니다.).
menu_encuentro_avituallamiento|보급로를 괴롭히는 적들을 막고 추격하기 위해 병력을 급파했습니다. 아군은 적들을 구석으로 몰아넣어 필사적으로 싸우게 했습니다. 일부 피해가 있었으나 전투에서 승리하여 보급로를 확보했습니다.^^아군 사상자: {s8}^^적군 사상자: {s10}
mno_back_to_siegeg2|잘했다.
mno_back_to_siegeg3|아주 훌륭해.
menu_event_siege_07|정찰병들의 보고에 따르면 수비군이 수원지에 동물 사체를 던져 오염시켰다고 합니다. 상인들에게 돈을 주고 보급로를 통해 물을 가져오게 하시겠습니까?
mno_choice_07_1g|상인에게 물을 구입하고, 우리의 보급로를 통해 가져옵니다. (600 페닝)
mno_choice_07_2g|아니요. 물을 배급제로 돌리고 새 우물을 팝니다.
mno_choice_07_3g|물 없이는 포위 공격을 계속할 수 없습니다. 공성을 포기합니다.
menu_sed_siege|물이 바닥나 병사들이 쇠약해지고 있습니다. 갈증에 미쳐버린 일부는 오염된 물을 마시고 죽었습니다. 다행히 우물을 완성하여 당분간 사용할 물을 확보했습니다. 공성을 계속할 수 있습니다.^^오염된 물로 인한 아군 사상자: {s8}
mno_back_to_siegeh|운명은 가혹하군.
menu_event_siege_08|나쁜 소식입니다. 아군 한 명이 적에게 귀순했습니다. 사기가 떨어졌거나 적에게 매수당한 것 같습니다. 이유야 어쨌든 적들이 우리 계획을 알게 되었을지도 모릅니다.
mno_choice_08_1h|사기를 높이기 위해 병사들에게 400 페닝을 지급합니다. 더 이상의 탈영은 원치 않습니다.
mno_choice_08_2h|유혹을 최소화하기 위해 800 페닝을 지급합니다.
mno_choice_08_3h|걱정 마라. 계획은 언제든 바꿀 수 있다.
menu_event_siege_09|적들의 탈영병이 우리에게로 합류했습니다. 그는 {s2}의 정보를 우리에게 알려 주었습니다.
mno_choice_09_1i|우리 대열에 합류한 것을 환영합니다.
mno_choice_09_2i|내 부대에 탈영병은 필요 없다. 그를 죽여라.
mno_choice_09_3i|그는 적들의 밀정일 것이다. 그를 적들에게로 돌려 보내라.
menu_event_siege_10|아군과 적군이 더 이상 서로를 모욕하지 않고 간혹 대화를 나누기도 합니다. 이는 공격 시 전의에 영향을 줄 수 있습니다. 어떻게 하시겠습니까?
mno_choice_10_1j|내버려 둬라. 적들의 전의도 마찬가지로 떨어질 것이다.
mno_choice_10_2j|뭐라고? 대화를 금지하고 위반하는 자들을 처벌한다.
menu_event_siege_11|겨울의 추위는 언제나 대가를 요구합니다. 일부 병사들이 동사하거나 독감 및 질병으로 사망했습니다.^^아군 사상자: {s8}
mno_choice_11_1j|편히 잠들기를.
menu_event_siege_12|한 농부가 찾아와 인근 마을에 사는 자신의 딸이 당신의 부하에게 강간당했다고 호소합니다. 그는 웨어길드(보상금)로 100 페닝을 요구합니다. 어떻게 하시겠습니까?
mno_choice_12_1j|웨어길드를 지불합니다.
mno_choice_12_2j|웨어길드를 지불하고 해당 병사를 처벌합니다.
mno_choice_12_3j|적에게 입힌 피해에 대해 보상할 필요는 없다.
mno_choice_12_4j|농부와 딸을 모두 죽여라.
menu_no_paymentandkill|복수심에 불타는 인근 마을 남자들이 모여 식량 징발대를 공격했습니다.^^아군 사상자: {s8}
menu_event_siege_13|적의 기습 공격으로 아군이 혼란에 빠져 사상자가 발생했습니다. 적은 신속히 철수했습니다.^^아군 사상자: {s8}^^적군 사상자: {s10}
mno_choice_13_1b|더 주의를 기울이도록 해라. (지역을 봉쇄하여 해결한다.)
menu_event_siege_14|식량을 징발하던 중 아군 부대가 적 습격대와 마주쳤습니다.^^아군 사상자: {s8}^^적군 사상자: {s10}
mno_choice_14_1b|더 주의를 기울이도록 해라. (지역을 봉쇄하여 해결한다.)
menu_event_siege_15|인근 마을을 습격하던 중 적의 공격을 받았습니다. 마을 주민들이 적세에 합류하여 큰 피해를 입었습니다.^^아군 사상자: {s8}^^적군 사상자: {s10}
mno_choice_15_1b|더 주의를 기울이도록 해라. (지역을 봉쇄하여 해결한다.)
menu_event_siege_16|아군과 적군이 강 근처에서 마주쳤습니다. 물을 차지하기 위한 전투로 양측 모두 많은 사상자를 냈습니다.^^아군 사상자: {s8}^^적군 사상자: {s10}
mno_choice_16_1b|더 주의를 기울이도록 해라. (지역을 봉쇄하여 해결한다.)
menu_event_siege_17|적들이 비밀 통로로 나와 기습한 뒤 성벽의 보호를 받으려 신속히 후퇴했습니다.^^아군 사상자: {s8}^^적군 사상자: {s10}
mno_choice_17_1b|더 주의를 기울이도록 해라. (지역을 봉쇄하여 해결한다.)
menu_event_siege_18|부하들이 인근 마을에서 여자들을 납치해 공성 캠프로 끌고 와 병사들에게 재밋거리로 던져주었습니다.
mno_choice_18_1b|허락한다. 단, 가장 예쁜 여자는 내 것이다.
mno_choice_18_2b|여자들을 풀어주고 납치범들을 처벌하라.
menu_event_siege_19|적들이 봉쇄망을 뚫으려 하고 있으며, 아군이 이를 저지하고 있습니다.^^아군 사상자: {s8}^^적군 사상자: {s10}
mno_choice_19_1b|일부 병력을 보내고, 나머지는 내가 직접 이끌고 위협하여 물러나게 하겠다.
mno_choice_19_2b|신속히 모든 병력을 보내 해당 구역을 방어하라.
mno_choice_19_3b|걱정 마라. 우리의 포위망은 견고하다.
menu_no_defendiendo|적들이 방어선을 뚫고 나와 소규모 진영과 검문소를 불태웠습니다. 봉쇄망이 무너졌습니다.^^아군 사상자: {s8}^^적군 사상자: {s10}
mno_defendiendo_1bnd|우리는 봉쇄망을 다시 구축해야 합니다.
menu_defendiendo_circunvallation|적들을 격퇴하는 데 성공했습니다. 그들은 성벽 뒤 안전한 곳으로 물러났습니다.^^아군 사상자: {s8}^^적군 사상자: {s10}
mno_defendiendo_1dcir|잘했다.
menu_defendiendo_mal|아군이 한곳에 집중된 틈을 타 다른 적 무리가 포위망의 다른 곳에 불을 질렀습니다.^^아군 사상자: {s8}^^적군 사상자: {s10}
menu_event_siege_20|적들이 우리의 공성 장비를 불태우려 합니다.^^아군 사상자: {s8}^^적군 사상자: {s10}
mno_choice_20_1b|일부 병력을 보내고, 나머지는 내가 직접 지휘하여 적을 몰아내겠다.
mno_choice_20_2b|서둘러라. 모든 병력을 보내 장비를 사수하라.
mno_choice_20_3b|걱정 마라. 우리 병사들이 지킬 것이다.
menu_no_defendiendo_equip|적들이 방어선을 뚫고 공성 장비를 불태웠습니다.^^아군 사상자: {s8}^^적군 사상자: {s10}
mno_defendiendo_1bnde|공성 장비를 다시 만든다.
menu_defendiendo_equip|적들을 격퇴하는 데 성공했습니다. 그들은 성벽 뒤 안전한 곳으로 물러났습니다.^^아군 사상자: {s8}^^적군 사상자: {s10}
mno_defendiendo_1heq|잘했다.
menu_defendiendo_mal_equip|아군이 한곳에 집중된 틈을 타 다른 적 무리가 우회하여 반대편 공성 장비를 불태웠습니다.^^아군 사상자: {s8}^^적군 사상자: {s10}
menu_event_siege_21|당신의 경비병들이 밤에 적들의 진영에서 탈영하려는 몇 명의 병사들을 보았다고 알려 왔습니다.
mno_choice_21_1b|그들이 도망치도록 내버려 둔다.
mno_choice_21_2b|그들을 죽여라.
menu_event_siege_22|밤사이 경비병들이 양가죽을 뒤집어쓰고 인근 개울로 향하는 적들을 보았다고 합니다. 놈들은 지급 가죽 보대에 물을 채워 거점으로 돌아가려 합니다.
mno_atacar_emboscada_player2|동료들을 모아 그곳으로 향합니다.
mno_choice_22_1b|병력을 보내 양가죽을 쓴 적들을 매복 공격합니다.
mno_choice_22_2b|아무것도 하지 않습니다.
menu_victoria_ovejas|당신의 병사들이 양가죽을 쓴 적들을 포위하고 기습하여 죽음을 선사했습니다.^^아군 사상자: {s8}^^적군 사상자: {s10}
mno_defendiendo_1lovej|완벽하군!
menu_derrota_ovejas|함정입니다! {reg59?부인:장군}, 양가죽을 쓴 자들은 우리를 유인하기 위한 미끼였습니다. 많은 병사가 죽임을 당한 뒤에야 포위망 안으로 후퇴했습니다.^^아군 사상자: {s8}^^적군 사상자: {s10}
mno_defendiendo_1poveja|끔찍하군.
menu_tablas_ovejas|병사들이 전개하여 포위하려 했으나 너무 느리고 시끄러웠습니다. 낌새를 챈 적들은 성벽 뒤로 신속히 도망쳤습니다.
mno_defendiendo_1oveja2|음, 다음 기회를 노려야 할 것 같군.
menu_event_siege_23|한 용병이 당신의 진영에 찾아와 우리에게 합류하겠다고 합니다. 그는 수비군 측에서 추방당했고, 그들에게 복수를 원한다고 말했습니다.
mno_choice_23_1b|그를 받아들입니다.
mno_choice_23_2b|더 이상 병력은 필요 없다.
menu_event_siege_24|적과 죽은 농민들의 머리가 쌓여 있습니다. 이것들을 성벽 넘어로 던져 적의 사기를 꺾고 질병을 퍼뜨리시겠습니까?
mno_choice_24_1b|뭐라고? 나는 그런 미친 짓을 하지는 않을 것이다!
mno_choice_24_2b|물론이지, 놈들의 항복을 받아내기 위해서라면 무슨 짓이라도 할 것이다.
menu_cabezas_moral|잘린 머리들이 성벽 뒤로 던져집니다. 사랑하는 이의 얼굴을 확인한 주민들의 비명과 통곡 소리가 벽 바깥까지 들려옵니다. 전쟁은 무자비하며, 당신은 적들에게 당신이 포악하고 공포스러운 존재임을 증명했습니다.
mno_defendiendo_1q|이걸로 놈들은 항복하거나... 죽게 될 것이다.
menu_event_siege_25|한 상인이 밤동안 병사들을 즐겁게 해 줄 무희들을 제안합니다.
mno_choice_25_1b|거절한다. 이는 병사들의 주의를 산만하게 하고 지치게 할 뿐이다.
mno_choice_25_2b|나만을 위한 무희를 고용한다. (100 페닝)
mno_choice_25_3b|병사들을 위한 무희를 고용한다. (500 페닝)
menu_event_siege_26|도적 무리가 진영으로 다가옵니다. 병사들이 무기를 들자 도적들은 무기를 내려놓으며 평화를 원한다고 말합니다. 도적 두목이 나서서 합류를 청합니다.
mno_choice_26_1b|물론이지! 내 부대에 재능 있는 자들이 합류하는 것은 언제나 환영이다!
mno_choice_26_2b|미안하지만 너희 같은 자들을 위한 자리는 없다!
mno_choice_26_3b|마을을 습격하여 마을 장로의 머리를 가져와 너희의 가치를 증명해라.
mno_choice_26_4b|놈들을 모두 죽여라!
menu_sanguinario_p|두 시간 후, 도적들이 전리품과 누군가의 머리통을 가지고 돌아왔습니다.
mno_choice_26_5b|잘했다! 장교가 네 자리를 안내해 줄 것이다.
menu_event_siege_27|상인들이 다가와 진영 근처에 시장을 열고 싶어 합니다. 병사들의 아내, 매춘부, 난민, 아이들, 그리고 기타 추종자들이 모여들고 있습니다.
mno_choice_27_1b|그들과 그들의 돈은 언제나 환영이다.
mno_choice_27_2b|상인은 이미 충분하다.
mno_choice_27_3b|그들을 죽이고 돈을 빼앗는다.
menu_event_siege_28|식량을 아끼기 위해 수비군이 여자와 아이, 노인들을 밖으로 내쫓았습니다. 그들이 포위망으로 다가와 식량을 구걸하는 모습이 보입니다.
mno_choice_28_1b|병사들을 보내 노인과 아이들을 죽이고 여자들을 끌고 오라.
mno_choice_28_2b|식량을 사서 나눠준 뒤 (1000 페닝), 그들을 떠나보낸다.
mno_choice_28_3b|아무것도 주지 마라. 집으로 돌아가 굶어 죽게 둬라!
menu_event_siege_29|오랜 공성전에 격분한 병사 중 한 명이 장교의 아내를 강간했습니다.
mno_choice_29_1b|무시하고 넘어간다.
mno_choice_29_2b|해당 병사를 벌을 줍니다.
mno_choice_29_3b|해당 병사를 처형한다.
mno_choice_29_4b|장교에게 웨어길드(보상금)를 지불한다. (1000 페닝)
menu_lucha_oficial|장교가 병사를 죽이자, 병사의 친구들과 장교를 따르는 자들 사이에 난투극이 벌어져 사상자가 발생했습니다.
mno_defendiendo_1z|끔찍하군.
menu_messenger_system|전령이 말을 달려 다가옵니다. 숨을 고르더니 외칩니다.^^"주인께서 전하라고 하셨소. {s9}(으)로 보낸 전령이 길가에서 시신으로 발견되었소. 유감스럽게도 전갈은 목적지에 닿지 못했소. 다른 전갈이 있다면 언제든 우리를 찾아오시오."
mno_error_1|계속.
menu_messenger_system2|전령이 말을 달려 다가옵니다. 숨을 고르더니 외칩니다.^^"주인께서 전하라고 하셨소. {s9}(으)로 보낸 전령이 길가에서 시신으로 발견되었소. 유감스럽게도 전갈은 목적지에 닿지 못했소. 다른 전갈이 있다면 언제든 우리를 찾아오시오."
mno_finish_m|운이 나빴군.
menu_messenger_system_res_failure|전령이 말을 달려 다가옵니다. 숨을 고르더니 외칩니다.^^"주인께서 전하라고 하셨소. 당신이 보낸 전령이 길가에서 시신으로 발견되었소. 유감스럽게도 전갈은 목적지에 닿지 못했소. 다른 전갈이 있다면 언제든 우리를 찾아오시오."
mno_finish_m2|운이 나빴군.
mno_Continue_msse|당신의 봉사에 대해 감사를 표하겠소.
mno_Continue_mess2|음...
mno_Continue_mess3|음...
mno_Continue_mess4|음...
mno_Continue_mess5|음...
mno_Continue_mess6|당신의 봉사에 대해 감사를 표하겠소.
mno_Continue_mess7|당신의 봉사에 대해 감사를 표하겠소.
mno_Continue_messeng1|당신의 봉사에 대해 감사를 표하겠소.
mno_Continue_messeng2|당신의 봉사에 대해 감사를 표하겠소.
mno_Continue_messeng3|내겐 나만의 전쟁이 있소.
menu_random_juice_events|사건
menu_event_01_juicio|두 농부가 송아지의 소유권을 두고 다툽니다. 들어보니 그들의 들판은 경계가 맞닿아 있었는데, 키가 큰 농부의 황소가 작은 농부의 암소를 임신시켰다고 합니다. 작은 농부는 자신의 암소가 낳은 송아지이니 자신의 것이라 주장하고, 큰 농부는 자신의 황소 핏줄이니 자신의 것이며 최소한 종부료라도 받아야 한다고 주장합니다. 당신의 판결을 기다립니다.
mno_choice_01_1nj|암소 주인의 말이 옳다. 암소가 그의 것이듯 송아지도 그의 것이다.
mno_choice_01_2nj|황소 주인의 말이 옳다. 황소가 그의 것이듯 송아지도 그의 것이다.
mno_choice_01_3nj|암소 주인이 송아지를 갖되, 황소 주인에게 보상금을 지불하라.
mno_choice_01_4nj|둘 다 틀렸다. 송아지를 잡아 병사들에게 고기를 나눠주겠다!
mno_choice_01_5nj|둘 다 틀렸다. 송아지를 잡아 두 농부에게 고기를 똑같이 나눠줘라!
menu_event_02_juicio|{reg59?부인:주군}, 살인자를 잡았습니다! 그는 {s4}(으)로 향하던 우리 전령을 공격해 중상을 입혔습니다. 전령은 당신의 보호를 받는 자였으니 이는 가볍게 넘길 일이 아닙니다. 하나, 범인이 처형 전에 꼭 당신에게 드릴 말씀이 있다고 합니다.^^포로의 이야기: '{reg59?부인:주군}, 감히 당신의 전령을 공격할 생각은 없었습니다. 허나 그자가 제 어린 딸과 밤을 보내겠다고 요구했습니다! 거절했더니 친구 셋을 데리고 쳐들어와 딸을 강간했습니다. 그러면서 나리께서 평민인 내 말 따위 믿어줄 것 같냐며 비웃더군요. 아비로서 하나뿐인 자식을 지키려 했을 뿐입니다!'
mno_choice_02_1nj|어찌 되었든 전령은 내 보호 아래 있는 자다. 너와 네 가족들은 처형당할것이다.
mno_choice_02_2nj|관용을 베풀어 너 하나만 처형하겠다.
mno_choice_02_3nj|비록 내 부하이긴 하나, 나라도 똑같이 했을 것이다. 가도 좋다.
mno_choice_02_4nj|전령을 교수형에 처하라. 지위를 악용하는 자는 용서치 않겠다.
menu_event_03_juicio|두 사람 사이의 분쟁을 해결해야 합니다. 한 명은 지역 유력자이고 다른 한 명은 그 땅을 빌린 소작농입니다.^^소작농이 흉작으로 소작료를 재불하지 못하자, 유력자가 소작농의 딸을 데려가 하녀로 부리고 밤시중을 들게 했다고 합니다. 유력자는 {s4} 내에서 영향력이 큰 인물입니다.
mno_choice_03_1nj|소작농을 처벌한다. 주인에게 밀린 돈을 갚아야 한다.
mno_choice_03_2nj|유력자를 처벌한다. 소작농의 딸을 데려갈 권리는 없다.
mno_choice_03_3nj|유력자를 죽이고, 세금을 못 낸 소작농은 군대에 강제 징집한다.
mno_choice_03_4nj|유력자에게 대신 보상해주고 딸을 돌려보내게 한다.
mno_choice_03_5nj|소작농에게 딸이 당한 일에 대한 위자료(웨어길드)를 지급한다.
menu_farmer_attack_lord|판결에 불만을 품은 소작농이 삭스(단검)를 꺼내 유력자를 찔러 죽였습니다. 병사들이 손쓸 새도 없었습니다. 그는 당신을 돌아보며 말합니다. "이게 정의다, 빌어먹을!" 그러고는 같은 칼로 스스로 목을 베어 자결했습니다.
mno_choice_03_1attackj|계속.
menu_event_04_juicio|부하 한 명이 다가와 말합니다. 병사들 사이에서 불만이 고조되고 있습니다. 당신이 너무 온건하여 얻을 수 있는 금과 명예가 너무 적다는 이유입니다.
mno_choice_04_1nj|병사들에게 급료를 지불하고 반지를 하사하여 달랜다.
mno_choice_04_2nj|떠나고 싶은 자들에게 그들의 맹세를 거두게 해준다.
mno_choice_04_3nj|그 병사를 죽이고 더 이상의 선동은 용납하지 않겠다고 선포한다.
mno_choice_04_4nj|지휘 방식을 바꾸겠다고 약속한다.
menu_event_05_juicio|{s4}에서 한 남자가 붙잡혀 왔습니다. 그는 왕국에 내야 할 세금을 거부하여 체포되었으며, 당신의 처분을 기다리고 있습니다. 남자는 최근의 전쟁에서 죽은 아들들을 다시 돌려받기 전까지는 세금을 내지 않겠다고 주장합니다.
mno_choice_05_1nj|이 사람은 이미 충분히 많은것을 잃었다. 그를 세금은 평생 면제해준다.
mno_choice_05_2nj|세금을 내지 않는다면 사형에 처합니다.
mno_choice_05_3nj|아들들의 죽음에 대한 보상금(웨어길드)을 지불합니다.
menu_nobody_want_paytax|갑자기 아들을 잃은 수많은 사람이 당신에게 몰려와 똑같은 대우를 요구하기 시작합니다.
mno_choice_05_2notaxj|보상으로 사람들에게 돈주머니를 나누어 줍니다. (2000 페닝)
mno_choice_05_3notaxj|나눠줄 돈이 부족하므로 병사들을 시켜 군중을 해산시킵니다.
mno_choice_05_4notaxj|병사들의 호위를 받으며 군중을 피해 빠져나갑니다.
menu_event_06_juicio|두 남자가 당신을 찾아왔습니다. 병사들의 말로는 서로 죽이려 했다고 합니다. 그들은 이웃한 땅에 사는 이들로, 한 명이 길을 막고 있던 오래된 참나무를 베어버린 것이 화근이었습니다.^^"그 나무 때문에 수레가 지나갈 수 없었소!" 한 명이 외칩니다. "단지 나무 몇 그루일 뿐인데 왜 소송까지 하는지 모르겠소!"^^"그 나무들은 우리 아버지께서 내 땅에 직접 심으신 것이오!" 다른 한 명이 맞받아칩니다.
mno_choice_06_1nj|나무를 벤 자는 소유주에게 보상금을 지불해야 한다.
mno_choice_06_2nj|나무가 길을 막고 있었으므로 베어내는 것이 마땅한 일이었다.
mno_choice_06_3nj|나무를 벤 자는 소유주에게 보상금을 지불하고, 벌금으로 나에에게도 돈을 지불하라.
menu_event_07_juicio|올해 작황이 매우 좋지 않아 겨울에 닥칠 기근이 우려됩니다. 어떻게 하시겠습니까?
mno_choice_07_1nj|다른 지역에서 곡물을 실은 마차를 주문합니다. (1000 페닝)
mno_choice_07_2nj|다른 곳에서 곡물을 살 돈이 충분하지 않습니다.
mno_choice_07_3nj|작물을 충분히 돌보지 못한 백성들을 꾸짖습니다!
mno_choice_07_4nj|문제를 완화하기 위해 약간의 곡물만 삽니다. (500 페닝)
menu_event_08_juicio|지역 지도자 중 한 명이 자신의 사생아를 당신의 부관 중 한 명으로 입대시키고 싶어 합니다. 귀족의 청을 단칼에 거절할 수 없어 소년을 만나보기로 했으나, 그는 전사와는 거리가 먼 내성적인 성격에 뚱뚱하기까지 했습니다. 미소를 짓는 이 소년을 보고 당신은 웃음을 참지 못합니다.
mno_choice_08_1nj|그를 부대의 부관 중 한 명으로 합류시킵니다.
mno_choice_08_2nj|그에 맞는 대가의 지불을 요구합니다.
mno_choice_08_3nj|거절합니다. 당신은 최고의 부관들의 봉사만을 원합니다.
menu_event_09_juicio|동시에 두 가지 제안이 도착했습니다. 젊은 학구파 사제 오스버러는 {s4}에 교회를 짓자고 제안하며, 수락 시 당신의 지성을 높여줄 새로운 지식을 전수하겠다고 약속합니다.^^그때 덩치 큰 수염쟁이 전사가 오스버러를 밀쳐내며 나타납니다. 그는 그 자금으로 훈련장을 짓는 것이 낫다며, 수락 시 당신에게 강력한 전투 기술을 가르쳐주겠다고 호언장담합니다.
mno_choice_09_1nj|오스버러의 제안을 따릅니다. 지식을 쌓아야 합니다.
mno_choice_09_2nj|전사의 제안을 따릅니다. 전투 기술이 필요합니다.
mno_choice_09_3nj|두 시설을 모두 건설할 충분한 자금이 있습니다. (3000 페닝)
mno_choice_9_4nj|흥! 나는 이미 그대들의 제안에 현혹되지 않을 만큼 충분히 현명하다.
menu_event_10_juicio|밤하늘을 가로지르는 번뜩이는 빛이 보였습니다. 다음 날 사람들은 이를 불길한 징조라며 떠들어댔습니다. {s4}의 백성들은 신의 분노를 피하기 위해 희생 제물을 바쳐야 한다고 입을 모았습니다. 수확기가 다가오자 사람들은 천사 같은 소녀를 찾아내 여신처럼 받들며 제물로 바치려 합니다. 수 세기 전 사라진 야만적인 의식이 되살아나려 합니다.
mno_choice_10_1nj|소녀의 희생을 허용합니다.
mno_choice_10_2nj|희생을 금지하고 소녀를 안전하게 당신의 일행으로 받아들입니다.
mno_choice_10_3nj|나와는 상관없는 일입니다.
menu_event_11_juicio|전령이 급히 궁정에 도착하여 끔찍한 소식을 전합니다. "{reg59?부인:주군}, 근처 마을이 위험에 처했습니다! 기괴한 전염병이 돌아 사람들이 움직이지도 못한 채 땀을 흘리며 구토하고 있습니다. 치유사도 손을 쓰지 못하고 있으며, 지역 지도자는 마을을 폐쇄한 채 당신의 명령만을 기다리고 있습니다!"
mno_choice_11_1nj|마을을 격리하되, 고용할 수 있는 최고의 의사들을 고용해 보냅니다! (500 페닝)
mno_choice_11_2nj|마을을 격리합니다! 전염병이 잦아들면 생존자들을 확인하겠습니다.
menu_event_12_juicio|두 명의 수녀가 다가옵니다. "{reg59?부인:주군}, 난산으로 산모가 위험합니다! 수단과 방법을 가리지 않았으나 산모의 체구가 출산에 적합하지 않은 듯합니다. 그녀는 유력한 영주의 딸입니다. 어찌하면 좋겠습니까?"
mno_choice_12_1nj|모두, 무릎을 꿇고 기도를 해야 한다!
mno_choice_12_2nj|경비병! 당장 마을에서 치유사를 데려오너라!
menu_event_13_juicio|충성스러운 귀족이 찾아와 기묘한 부탁을 합니다. "주군, 곤란한 처지에 놓여있소. 당신을 충실히 보좌하기 위해 병력과 장비를 갖추는 데 전 재산을 쏟아부었소. 그런데 그 바람에 첫째 딸의 혼기가 찼음에도 마땅한 지참금을 챙겨주지 못하게 되었소."
mno_choice_13_1nj|그대의 충성에 대한 보답으로 은을 하겠소. (800 페닝)
mno_choice_13_2nj|이번에는 내가 당신을 돕겠소. 하지만 이번이 마지막이오. (400 페닝)
mno_choice_13_3nj|그런 돈은 알아서 남겨놨어야 했소!
menu_event_14_juicio|그리스도교 선교사가 열정적으로 찾아왔습니다. "{reg59?부인:주군}, 기쁜 소식입니다! {s4}에 온 상인이 성스러운 십자가의 파편을 팔겠다고 합니다! 이런 성물을 소유할 기회를 얻다니 믿기지 않습니다. 이 성물은 복음을 전파하는 데 큰 힘이 될 것입니다!"
mno_choice_14_1nj|십자가 파편은 이미 수도 없이 보았소. 가짜 성물에 돈을 쓰지 않겠소!
mno_choice_14_2nj|미안하지만 이곳은 다른 신을 섬깁니다. 그런 곳에 낭비할 돈은 없소.
mno_choice_14_3nj|좋은 제안이나 아쉽게도 국고가 비어 있소.
mno_choice_14_4nj|이 기회를 놓칠 수 없소! (5000 페닝)
menu_event_15_juicio|동료들과 연회를 즐기던 중 전령이 다가와 결단을 요청합니다. "{reg59?부인:주군}, {s4}에서 일어난 일에 대해 당신의 결정이 필요합니다."  밖으로 나가자 군중들이 시끄럽게 다투고 있었으나 당신이 나타나자 조용해집니다. 장로가 독대를 청하여 말합니다. "{reg59?부인:주군}, 당신의 지혜가 필요합니다. 두 여인이 서로 아이의 친모라 주장하며 물러서지 않고 있습니다." 아이를 두고 다투고 있다던 두 여자의 행색을 보니 한 명은 비단옷을, 다른 한 명은 누더기를 걸치고 있습니다.
mno_choice_15_1nj|아이를 가난한 여자에게 줍니다.
mno_choice_15_2nj|아이를 부유한 여자에게 줍니다.
mno_choice_15_3nj|아이를 반으로 나누어 각각 한쪽씩 나누어 주라고 명령합니다.
menu_child_half_one|누더기를 걸친 여인이 울부짖으며 말했습니다. "안돼요, 제발, {reg59?부인:주군}. 차라리 저 여자가 아이를 갖게 해주세요."^^ 그러자 곁에 있던 장로가 외쳤습니다. "당신이야말로 진정한 어머니요, 이 아이는 당신의 것이오!"^^ 다른 여인은 불안한 기색으로 말했습니다. "저 여자가 저보다 아이에게 더 나은 삶을 줄 수는 없을 거예요."
mno_choice_half1pj|아이를 가난한 여인에게 돌려주고, 거짓을 말한 부유한 여인을 처벌합니다.
mno_choice_half2pj|아이를 가난한 여인에게 돌려주고, 부유한 여인은 분노한 군중에게 넘깁니다.
mno_choice_half3pj|아이를 부유한 여인에게 줍니다.
mno_choice_half4pj|아이를 부유한 여인에게 주고, 가난한 여인은 병사들에게 넘깁니다.
menu_event_16_juicio|먼지와 햇볕에 그을린 조언자가 수확량을 점검하고 돌아와 보고합니다. "주군, 올해 작황이 처참합니다. 세금을 감면하지 않으시면 이번 겨울에 기근을 피할 수 없을 것입니다."
mno_choice_16_1nj|세금이 줄면 병사도 줄어드는 법이다. 목이 잘리는 것보다 배를 골리는 것이 낫다. 세금 감면은 없다.
mno_choice_16_2nj|좋다, 나는 내 지갑에서 부족한 세금을 충당할 것이다. (1000 페닝)
menu_event_17_juicio|인근 마을의 농민이 당신을 찾아와 간청합니다. 그는 숨을 헐떡이며 무장한 괴한들이 농장을 습격해 여자들과 가축, 곡물을 약탈해갔다고 보고합니다. 그는 피칠갑이 된 채 불에 타 그을린 냄새를 풍기고 있습니다.
mno_choice_17_1nj|지역을 수호하기 위해 보초병을 추가로 고용해 보내줍니다. (800 페닝)
mno_choice_17_2nj|내가 해줄 수 있는 건 없다. 물러가라, 이 미천한 놈아!
mno_choice_17_3nj|복수를 약속하며, 마을 재건을 위한 자금을 하사합니다.
menu_event_18_juicio|가신의 부하들이 소변을 볼 때 통증을 느낀다며, 한 과부를 마법을 부린 혐의로 기소하였습니다. 가신은 부하들의 기소를 당신에게 가져옵니다. 당신이 보기에는 가신 또한 같은 증상을 겪는 듯하나 체면상 이를 숨기며 부하들의 주장을 지지하고 있습니다.
mno_choice_18_1nj|과부를 마녀로 몰아 먼 곳으로 추방합니다.
mno_choice_18_2nj|마녀에게 대가를 지불하고, 그리스도교의 확산을 막는 데 이용합니다.
mno_choice_18_3nj|하나를 내버려둘 경우, 더 많은 마녀가 생길 것이다! 마법을 쓴다고 보고된 모든 사람들을 죽여라.
menu_event_19_juicio|선교사가 찾아와 하나님의 은혜를 설교하던 중, 이교도들에게 신성한 고대 나무를 베려다가 주민들이 무기를 들고 일어나 쫓겨났다고 보고합니다.
mno_choice_19_1nj|선교사의 말이 옳다. 이교도의 나무를 베어버려라.
mno_choice_19_2nj|선교사의 말이 틀렸다. 그와 그의 추종자들을 산 채로 불태워 고대 신들에게 제물로 바쳐라.
mno_choice_19_3nj|선교사가 틀렸다. 그리스도인들이 마을을 떠나 마을에 평화를 되돌려주어라.
menu_event_20_juicio|인근 마을 여인이 찾아와 최근 전투에서 전사한 병사가 자신의 남편이라고 주장하며, 장례와 남은 삶을 위한 도움을 청합니다.
mno_choice_20_1nj|금전적으로 지원하고 사제를 보내 영혼을 달래줍니다.
mno_choice_20_2nj|아무것도 하지 않는다. 나와 상관없는 일이다.
mno_choice_20_3nj|불행하게도 도움을 줄 만한 돈이 없다.
menu_event_21_juicio|유력한 지역 지도자가 간청합니다. "당신을 섬기다 고통받는 자들에게 자비를 베푸소서. 한때 용맹했던 전사들이 구걸하고 있으며, 당신을 위해 싸우다 가장을 잃은 가족들이 많습니다. 당신에게 충성한 그들에게 충분한 보상을 해 주어야만 한다고 생각합니다. 이들을 보살피지 않으면 나중에 누가 방패벽에 서려 하겠습니까?"
mno_choice_21_1nj|급료는 이미 지불했다. 가족을 위해 재산을 모으지 못한 병사들 본인의 잘못이다.
mno_choice_21_2nj|나를 위해 싸운 용사들과 유가족을 지원해야 한다. (800 페닝)
mno_choice_21_3nj|내 금고를 열어 전사한 모든 병사의 가족을 지원하라. (2000 페닝)
mno_choice_21_4nj|나에겐 이런 예상치 못한 지출을 할 만한 돈이 없다.
menu_event_22_juicio|피고인이 피해자의 집에 침입해 재산을 훔친 명백한 사건입니다. 많은 사람들이 한 사람을 용의자로 지목했고, 사라진 물건들이 그의 집에서 발견되었습니다. 하지만 피해자는 전임 주군의 측근으로, 당신에 대한 충성심이 의심되는 자입니다. 반면에 피고인은 당신을 열렬히 지지하며 많은 자금을 기부해온 인물입니다.
mno_choice_22_1nj|증거를 무시하고 내 사람의 손을 들어줍니다.
mno_choice_22_2nj|증거가 명확하니 피고인에게 유죄를 선포합니다.
mno_choice_22_3nj|양측 모두 잘못이 있다며 둘을 추방하고 재산을 몰수합니다.
menu_event_juicio_end|피고인이 피해자의 집에 침입해 재산을 훔친 명백한 사건입니다. 많은 사람들이 한 사람을 용의자로 지목했고, 사라진 물건들이 그의 집에서 발견되었습니다. 하지만 피해자는 전임 주군의 측근으로, 당신에 대한 충성심이 의심되는 자입니다. 반면에 피고인은 당신을 열렬히 지지하며 많은 자금을 기부해온 인물입니다.
mno_choice_end_1nj|증거를 무시하고 내 사람의 손을 들어줍니다.
mno_choice_end_2nj|증거가 명확하니 피고인에게 유죄를 선포합니다.
mno_choice_end_3nj|양측 모두 잘못이 있다며 둘을 추방하고 재산을 몰수합니다.
menu_riots_01|{s4}와의 관계가 최악입니다. 거리를 걸으면 사람들이 경멸 어린 눈초리로 쳐다봅니다. 골목을 돌아서는 순간, 통치에 반발하는 폭도들이 나타나 모욕을 퍼붓더니 급기야 한 명이 단검을 뽑아 당신을 공격합니다.
mno_deffend_yr|스스로를 지키기 위해 싸운다.
menu_riots_02|당신의 이름을 모욕하고, 당신의 전사들을 비난하던 폭도들이 분노하여 거리를 지나던 당신의 전사들을 살해했습니다. {s4}와의 관계를 서둘러 개선해야 합니다.
mno_deffend_01ri|병사들에게 가해자들을 죽이고 집을 태우며 재산을 몰수하라 명령합니다.
mno_deffend_02ri|공포로 다스리지 않겠다. 다른 방법으로 민심을 수습해야 한다.
mno_deffend_03ri|도시의 모든 주민을 도륙하고 당신에게 충성하는 새로운 백성들을 이주시킵니다.
menu_random_normal_events|사건
menu_random_normal_events2|사건
menu_event_01_normal|추운 아침, 말이 질주하는 소리가 당신의 거처를 향해 가까워 집니다. 보초병이 당신의 앞에 말을 멈추어 내리더니 외국어를 쓰는 이방인의 배가 인근 해안에 난파되었다고 보고합니다. 어떻게 하시겠습니까?
mno_choice_01_1nor|병사들을 보내 재물을 약탈하고, 생존자는 모두 죽여라.
mno_choice_01_2nor|조사단을 보내 생존자가 있다면 구출하여 포섭하라.
mno_choice_01_3nor|아무 것도 하지 않는다.
mno_choice_11_msgnor|계속.
menu_event_03_normal|당신의 고귀한 행동을 기리는 노래를 음유시인이 지었다는 소식을 들었습니다.
mno_choice_03_1nor|기분 좋은 소식이로군!
mno_choice_03_2nor|그에게 300 페닝을 하사하여, 전국을 누비며 그 노래를 부르게 합니다.
menu_event_04_normal|당신의 활약상이 노스란드 전역에 퍼졌습니다. 이제 당신의 행렬이 가는 곳마다 구걸하는 이들로 가득합니다.
mno_choice_04_1no|그들을 위해 200 페닝을 구제금으로 적선합니다.
mno_choice_04_2no|그들을 무시합니다.
mno_choice_04_3no|거지 놈들이라고? 사냥개를 풀어라!
menu_event_05_normal|한 젊은 귀족이 당신의 어머니에 대한 저질스러운 소문을 퍼뜨리고 다닙니다. 세상에서 가장 오래된 직업인 창녀 마저도 그녀보다는 우아하다는 식의 모욕입니다.
mno_choice_05_1no|그에게 결투를 신청합니다!
mno_choice_05_2no|상대할 가치도 없는 헛소리일 뿐이다.
menu_event_06_normal|부하 직원의 아내와 마주쳤습니다. 그녀는 올해의 작황이 좋지 않아 남편의 급료만으로는 가족이 굶어 죽을 처지에 놓였다며 하소연 합니다. 남편을 전역시켜 농사일을 돕게 해달라고 간청합니다. 만약 남편이 돌아와 들판에서 일 한다면 생계 걱정은 덜어낼 수 있을 것이라고 합니다.
mno_choice_06_1no|그럴 수는 없지! 여기 200 페닝을 줄 테니 생활비에 보태시오.
mno_choice_06_2no|계약을 해지하고 남편을 가족의 품으로 돌려보냅니다.
menu_event_07_normal|지역의 이름난 모함꾼이 당신에 대한 유언비어를 퍼뜨립니다. 이야기의 대부분은 터무니없는 거짓말이지만, 방치하면 사람들이 믿게 될 것입니다.
mno_choice_07_1no|하고 싶은 대로 내버려 두어라. 누구나 말할 권리는 있는 법이다.
mno_choice_07_2no|그에게 100 페닝을 건네며 입을 다물라고 회유합니다.
mno_choice_07_3no|그놈을 죽여 영원히 입을 다물게 합니다.
menu_event_08_normal|숲을 지나던 중 올무에 걸려 발버둥 치는 토끼를 발견했습니다. 어떻게 하시겠습니까?
mno_choice_08_1nor|동물을 자유롭게 풀어줍니다.
mno_choice_08_2nor|올무를 조여 동물을 죽입니다!
mno_choice_08_3nor|무시하고 지나갑니다.
menu_event_09_normal|당신의 명성에 이끌려 온 한 무리의 정예 전사들이 당신의 부대에 합류하려고 합니다. 그러나, 그들은 일반적인 병사들의 임금보다 훨씬 높은 급료를 요구합니다.
mno_choice_9_1nor|그들을 환영합니다.
mno_choice_9_2nor|더 이상의 병력은 필요 없다.
mno_choice_9_3nor|그들을 죽이고 그들에게서 좋은 전리품들을 갈취합니다.
menu_event_10_normal|몇 명의 여성들이 당신의 추종자가 되기를 원한다는 소식을 들었습니다.
mno_choice_10_1nor|그들을 환영한다.
mno_choice_10_2nor|먹여 살릴 입을 늘리고 싶지 않다.
menu_event_11_normal|음악가 무리가 군악대와 기수로 합류하여 당신을 따르고 싶어 합니다.
mno_choice_11_1no|그들을 환영합니다.
mno_choice_11_2no|나는 더 이상 부대의 인원이 늘어나기를 원치 않는다.
menu_event_12_normal|부대 위를 선회하는 학 한 마리를 발견했습니다.
mno_choice_12_1nor|저 학은 우리의 승리를 상징한다고 병사들에게 선포합니다.
mno_choice_12_2nor|무시합니다.
mno_choice_12_3nor|저 학은 불운의 징조이나, 나는 우리 병사들을 믿는다고 말합니다.
menu_event_13_normal|길가에서 한 농부가 울고 있는 딸과 함께 서 있습니다. 그는 당신의 부하 중 한 명을 비난하듯 손가락질하며, 그 자가 자기 딸을 강간했으니 처벌해달라고 요구합니다.
mno_choice_13_1nor|내 부하가 그런 파렴치한 짓을 하는 것은 용납할 수 없다! 그에게 불로 달군 쇠로 낙인을 찍은 뒤, 부대에서 쫓아낸다.
mno_choice_13_3nor|지금은 험한 세상이다, 운명으로 받아들여야지 별수 있겠는가.
menu_event_14_normal|군대가 마을 근처에서 휴식하는 사이, 사제가 자리를 비운 틈을 타 그의 아내가 홀로 당신을 찾아왔습니다.
mno_choice_14_1nor|그녀를 안으로 들입니다.
mno_choice_14_3nor|그녀를 쫓아냅니다.
menu_event_15_normal|당신의 명성을 듣고 노스란드의 젊은이들이 당신의 군대에 합류하기 위해 모여들었습니다.
mno_choice_15_1nor|그들을 받아들입니다.
mno_choice_15_2nor|더 이상의 인원은 필요 없다.
menu_event_16_normal|길가에 지쳐 쓰러진 빈곤한 남자를 발견했습니다. 부하를 통해 물어보니 누군가에게 강도를 당해 돈이 없으면 굶어 죽을 처지라며, 군대에서 일해본 경험이 있으니 충성스러운 전사가 되겠다고 제안합니다.
mno_choice_16_1nor|인생은 공정하지 않다, 그에게 아무 것도 주지 않는다.
mno_choice_16_2nor|그에게 그날 하루를 연명할 돈을 줍니다. (10 페닝)
mno_choice_16_4nor|그에게 여러 날 먹고 지낼 돈을 줍니다 (200 페닝)
mno_choice_16_5nor|그의 제안을 받아들여 그에게 고용비를 지불하고 당신의 부대에 받아들입니다.
menu_event_17_normal|도적 무리가 야영지에 접근합니다. 병사들이 무기를 들자 그들은 싸울 의사가 없다며 무기를 내려놓습니다. 도적 두목이 다가와 합류를 요청합니다.
mno_choice_17_1nor|문제없다! 우리 부대는 언제나 혈기 왕성한 자들을 환영한다.
mno_choice_17_2nor|그들에게는 미안하지만, 나는 그들을 합류시키지 않을 것이다.
mno_choice_17_3nor|마을을 습격해 장로의 머리를 가져와라. 실력으로 가치를 증명해 보아라!
mno_choice_17_4nor|놈들을 모조리 죽여라!
menu_event_18_normal|길을 가던 중 잊힌 옛 전쟁 군주의 무덤을 발견했습니다.
mno_choice_18_1nor|무덤을 파헤쳐 보물을 약탈합니다.
mno_choice_18_2nor|무덤을 건드리지 않고 자리를 떠납니다.
mno_choice_18_3nor|무덤을 정돈하며 고인에게 경의를 표합니다.
menu_event_19_normal|근처 마을에서 탈출한 것으로 보이는 주인 없는 소 떼를 발견했습니다.
mno_choice_19_1nor|마을에 소를 돌려보내고 아무런 보상도 받지 않습니다.
mno_choice_19_2nor|소를 돌려주는 대가로 정당한 보상을 요구합니다.
mno_choice_19_3nor|오늘 저녁은 고기 파티다! 소들을 몰아 도살합니다.
menu_event_20_normal|당신의 명성과 인기에 이끌린 광전사(베르세르크) 두 명이 합류를 요청합니다.
mno_choice_20_1nor|그들을 받아들입니다.
mno_choice_20_2nor|더 이상의 인원은 필요 없다.
menu_event_21_normal|당신의 명성과 인기에 이끌린 울프헤딘(늑대 전사) 두 명이 합류를 요청합니다.
mno_choice_21_1nor|그들을 받아들입니다.
mno_choice_21_2nor|더 이상의 인원은 필요 없다.
menu_event_22_normal|휴식 중 술에 취한 부하들이 마지막 남은 벌꿀주를 두고 싸움이 붙었습니다. 둘 다 무기를 뽑아 들고 서로를 죽일 기세로 대치중입니다.
mno_choice_22_1nor|나머지 부하들이 구경하며 즐길 수 있게 결투를 허락합니다.
mno_choice_22_2nor|원정 중 금주령을 내리고, 술 취해 소란을 피운 두 병사를 처형합니다.
mno_choice_22_3nor|싸움을 중단시키고 두 병사에게 채찍형을 내립니다.
menu_event_23_normal|긴 로브를 입은 남자가 당신의 부대로 다가옵니다. 그를 마주하고 귀를 기울이자 그는 아더왕의 전설적인 검 '칼리번'을 8000 페닝에 팔겠다고 제안합니다.
mno_choice_23_1nor|검을 구입합니다.
mno_choice_23_2nor|나에게는 그 검을 살 만한 돈이 없다.
mno_choice_23_3nor|별로 관심이 없다.
menu_event_24_normal|길을 가던 중 한 농장에 도착했습니다. 농부는 환대 대신 문을 걸어 잠그고 무장한 노예들을 세워 경계하고 있습니다. 물론 당신의 군대에는 상대도 안 될 수준입니다.
mno_choice_24_1nor|무례함에 대한 벌로 농장을 공격하고 불태웁니다.
mno_choice_24_2nor|머물 가치가 없는 곳입니다. 계속 이동합니다.
menu_event_25_normal|남성 두 명이 앞을 막아섭니다. 500명의 전사가 당신을 포위했으니, 살고 싶으면 2000 페닝을 내놓으라고 협박합니다.
mno_choice_25_1nor|돈을 지불합니다.
mno_choice_25_2nor|전투 준비! 감히 누구를 협박하는 거냐!
mno_choice_25_3nor|대꾸할 가치도 없다. 가던 길을 계속 갑니다.
menu_event_26_normal|정찰병 중 한 명이 수상할 정도로 묵직한 배낭을 메고 있는 것을 발견했습니다. 부하를 의심하는 것이 꺼림직하지만, 그런 가방은 일반적인 준비 태세에는 어울리지 않는 않아 보입니다. 가방을 그리 애지중지 여기는 것을 보니... 안에는 금화가 가득한 모양입니다.
mno_choice_26_1nor|가방을 몰수하고 병사를 처벌합니다.
mno_choice_26_2nor|내버려 둡니다. 목숨 걸고 싸운 대가로 가질 자격이 있습니다.
mno_choice_26_3nor|모든 부대원과 공평하게 나누지 않으면 처벌하겠다고 협박합니다.
menu_event_27_normal|병사들이 한 노인을 데려왔습니다. 노인은 마을 영주와의 문제로 마을을 떠나 당신의 부대에 합류하고 싶어 합니다. 그를 받아들이면 이 마을 영주와 갈등이 생길 수 있습니다.
mno_choice_27_1nor|지역의 반란 문제에 휘말리고 싶지 않소.
mno_choice_27_2nor|도움을 거절하고 노인을 죽여 시신을 마을로 돌려보냅니다.
mno_choice_27_3nor|부족한 병력을 보충하기 위해 노인을 받아들입니다.
menu_event_28_normal|야영 중 근처 마을 사람들이 찾아와 흉작으로 아이들이 굶고 있다며 도움을 청합니다.
mno_choice_28_1nor|4000 페닝을 기부합니다.
mno_choice_28_2nor|1000 페닝을 기부합니다.
mno_choice_28_3nor|나눠줄 만큼 돈이 많지 않다고 말합니다.
mno_choice_28_4nor|무시합니다.
menu_event_29_normal|야영 중 주민 대표단이 찾아와 조언을 구합니다. 그들은 자신들의 영주와 문제를 겪고 있다고 합니다. 바이킹의 약탈로 궁핍한데 영주가 보호 의무는 저버리고 세금만 독촉하고 있습니다. 영주가 주민 보호의 의무를 이행하지 않았으므로, 자신들도 세금을 거부하고 맞서 싸울지, 아니면 세금을 지불하고 가족들을 굶겨야 하는지에 대한 당신의 의견을 묻습니다.
mno_choice_29_1nor|세금을 내고 식량도 살 수 있게 8000 페닝을 지원합니다.
mno_choice_29_2nor|세금을 낼 수 있게 4000 페닝을 지원합니다.
mno_choice_29_3nor|세금을 내지 말고 무장하여 맞서 싸우라고 조언합니다.
mno_choice_29_4nor|굶주림보다 영주의 칼날이 더 무서울 것이니 세금을 내라고 조언합니다.
mno_choice_29_5nor|무시합니다.
menu_event_30_normal|길을 가던 중, 아픈 여성을 보았습니다. 그녀의 피부는 노랗게 변했으며, 끊임없이 기침을 하고 있습니다. 그녀는 근처 마을에 사는데, 마을에선 병을 치료할 줄 아는 사람이 없어 지나가는 여행자 중 이 병에 대해 아는 사람이 있나 싶어 길거리로 나와 도움을 구하고 있다고 합니다.
mno_choice_30_1nor|좋은 의사를 찾아보라고 조언하며 1000 페닝을 줍니다.
mno_choice_30_2nor|최고의 의사로서, {reg3?당신은:{s3}은(는)} 직접 피를 뽑아내는 방혈술을 처방합니다.
mno_choice_30_3nor|무시합니다. 전염병이 부대에 퍼질 수 있습니다.
menu_troop_camp|부대를 위한 작은 야영지가 건설되었습니다. 이곳에 잠시 병력을 주둔시킬 수 있습니다.^^(병사를 선택하고 주기 버튼을 누르면 해당 병력은 캠프에 남게 됩니다.)
mno_station_troops|병력을 확인합니다.
menu_start_beda_final|마지막
menu_ship_capture|적의 선박인 {s2}을(를) 나포했습니다. 하지만 격렬한 전투의 여파로 '{s1}' 상태가 좋지 않습니다. 그래도 이 선박을 선단에 합류시키겠습니까?
mno_capture|선박을 선단에 합류시킵니다.
mno_leave_ship|선박을 버려두고 떠납니다.
menu_sandboxmode_ok|모든 이야기가 끝났습니다. 스토리 모드를 종료하고 샌드박스 모드로 계속 진행하시겠습니까? 거절하면 타이틀 화면으로 돌아갑니다.
menu_start_sea_travel|해상 이동을 시작합니다.
menu_mutiny_start|일부 부대의 사기가 낮아 반란이 일어났습니다.
menu_mutiny_end|반란이 진압되고 상황이 진정되었습니다.
menu_work_start|반복되는 단조로운 노동에 팔다리가 금방 피로해졌지만, 하루 종일 일하기로 약속했기에 멈출 수 없었습니다.
menu_work_end|정직하게 땀 흘린 하루를 되돌아 보니 뿌듯함을 느낍니다. 하지만 그런 기분도 잠시일 뿐, 노동 강도에 비해 턱없이 적은 일당을 확인하자 실망감이 밀려왔습니다.^^{s7}
menu_landing_point_encounter_as_marshal|현재 당신은 부대의 대장으로서 하선을 시도하고 있습니다. {s1} {s2} ^^지금 하선하시겠습니까, 아니면 좀 더 기다리겠습니까?
mno_disembark_yeslp|하선합니다.
mno_disembark_nolp|기다립니다.
menu_landet_ships_encounter_as_marshal|현재 당신은 부대의 대장으로서 승선을 시도하고 있습니다. {s1} {s2} ^^지금 배에 오르시겠습니까, 아니면 좀 더 기다리겠습니까?
mno_reembark_yesls|승선합니다.
mno_reembark_nols|기다립니다.
menu_hunting|{s1}와(과) 마주쳤습니다. 어떻게 하시겠습니까?
mno_hunt_go|사냥을 시작합니다.
menu_slave_hideout|누군가의 소굴을 발견했습니다. 어떻게 하시겠습니까?
mno_not_now|지금은 때가 아니다.
mno_new_goal|새로운 목표를 설정합니다.
menu_reconstruct_pre2049|이 세이브 파일은 v2.049의 버그로 인해 손상된 것으로 보입니다. 백업 파일(backup.sav)을 복구하는 것을 권장합니다. 대신 게임 데이터를 재구성해 보시겠습니까?
mno_choice_yes|네, 세이브 데이터 재구성을 시도합니다.
mno_choice_no|아니요, v2.049 이전의 세이브 파일을 찾아보겠습니다.
menu_start_phase_2{s1}
menu_start_phase_22{s1}
menu_custom_battle_scene(NO TRANS)
menu_past_life_explanation{s3}
mno_view_next{s5}
menu_morale_report_obsolete{s1}
mno_continue_rep계속...
menu_courtship_relations{s1}
menu_lord_relations{s1}
menu_companion_report{s7}{s1}
menu_character_report{s9}
menu_party_size_report{s1}
menu_faction_relations_report{s1}
mno_back_cm돌아갑니다.
mno_camp_action_4야영지 메뉴로 돌아갑니다.
mno_action_read_book_1{s1}.
mno_action_read_book_2{s1}.
mno_action_read_book_3{s1}.
mno_action_read_book_4{s1}.
mno_action_read_book_5{s1}.
mno_action_read_book_6{s1}.
mno_action_read_book_7{s1}.
menu_camp_action_read_book_start{s1}
mno_retire_yes예.
mno_retire_no아니오.
mno_encounter_leave떠납니다.
menu_enemy_slipped_away{s17}
menu_permanent_damage{s0}
mno_s0{s0}
mno_join_leave떠납니다.
mno_enter_door떠납니다.
mno_enterqu들어갑니다.
mno_leavequ떠납니다.
mno_enter_sm들어갑니다.
mno_leave_sm떠납니다.
mno_enter_lc들어갑니다.
mno_leave_lc떠납니다.
mno_enter_fs들어갑니다.
mno_leave_fs떠납니다.
mno_enter_hw들어갑니다.
mno_leave_hw떠납니다.
mno_enter_ce들어갑니다.
mno_leave_ce들어갑니다.
mno_leave_hv들어갑니다.
menu_dhorak_keep당신은 도라크 성채에 도착했습니다.
mno_castle_leave떠난다.
mno_guard_leave떠납니다.
mno_guard_meet_s5{s5}.
mno_emboscada_playerok이겼군!
menu_castle_besiege_inner_battle{s1}
menu_castle_taken_by_friends여기에서는 아무것도 볼 수 없습니다.
mno_keep_plunder_2Conquer and plunder the {reg2?town:fort}.{***}
menu_requested_castle_granted_to_player당신은 당신의 주군이 당신에게 보낸 전언을 들었습니다. {s3}.^^ 전령은 {reg4?그녀:그}가 {s2}{reg3?와(과) 그 근방의 {s4}:}을(를) 당신에게 수여하기로 결정했다고 알렸으며, 더불어 이 모든 작위와 권리는 당신이 {reg4?그녀:그}의 이름으로 맹세한 충성 서약을 파기하기 전까지는 온전히 당신의 권리로서 남을 것이라고 전했습니다.
menu_requested_castle_granted_to_player_husband당신은 당신의 주군이 당신에게 보낸 전언을 들었습니다. {s3}.^^ 전령은 {reg4?그녀:그}가 당신의 남편에게 {s2}{reg3?와(과) 그 근방의 {s4}:}을(를) 수여하기로 결정했다고 전했습니다. {s7}.
menu_give_center_to_player당신의 주군이 당신에게 영지를 수여하겠다고 제안했습니다! 전령은 당신의 주군인 {s1}이(가) {s2}을(를) 대한 당신의 충성에 대한 보상으로 당신에게 수여할 것이라고 전했습니다. 당신은 어떤 대답을 할 것입니까?
mno_give_center_to_player_accept그 제안을 받아들입니다.
mno_give_center_to_player_reject나는 {s2}이(가) 내 영지가 되는 것에 대해 관심이 없다.
menu_enter_your_own_castle{s10}
menu_recruit_volunteers{s18}
menu_village_infest_bandits_result{s9}
menu_town_bandits_failed{s4} {s5}
menu_village_force_convert1{s1}
menu_village_steal_cattle{s1}
mno_lootvillage_yes나는 그들을 약탈할 것이다.
mno_lootvillage_no나는 그들을 약탈하지 않을 것이다.
menu_town{s10} {s14}^{s11}{s12}{s13}
menu_monasterio_saqueado피에 물든 수도사의 시체는 까마귀의 밥이 되었습니다. 그것은 쉬운 승리였습니다, 그들이 가지고 있던 막대한 재산 또한 얻었지만... 이 행위는 그리스도인들을 당신의 새로운 적으로 만들게 되었습니다.
menu_train_peasants_against_bandits_training_result{s0}
menu_train_peasants_against_bandits_attack_result{s9}
mno_disembark_no아니.
mno_reembark_no아니.
menu_camp_on_sea당신의 선박은 바다 한복판에 정박해 있습니다. 당신은 무엇을 할 것입니까?^^{s1}
mno_epic_sea_battleB. 에픽 해전!
mno_d_day1C. D-day! (200척의 선백)
mno_testdrive2대규모 해전... 선택된 적 0
menu_training_ground_description{s0}
menu_captivity_avoid_wilderness많은 시간이 흐른 뒤, 당신은 겨우 의식을 되찾았습니다. 당신의 적들은 당신이 죽은 줄 알고 가버린 것 같습니다. 다행히도, 당신의 몸에는 심각한 상처가 없었고, 아직 걸을 수 있었습니다. 비록 버려진 시체들 사이에 누워 있던 당신의 상황에 문득 깊은 두려움을 느꼈지만, 당신은 두려움을 이겨내고, 힘겹게 몸을 일으켜 살아남은 당신의 부대원을 찾아다녔습니다.
menu_captivity_wilderness_taken_prisoner{s2}
menu_notification_truce_expired조약이 만료되었습니다.^^{s1}와(과) {s2}사이의 휴전 협정이 만료되었습니다.
menu_notification_feast_quest_expired{s10}
menu_notification_court_lost{s12}
menu_notification_player_kingdom_holds_feast{s11}
menu_notification_player_feast_in_progress당신은 연회를 주최했습니다.^^당신의 부인이 {s11} 회당에서 연회를 주최했습니다.
menu_garden{s12}
menu_bandit_lair{s3}
menu_start_phase_3{s1}
menu_start_phase_4{s11}
menu_lost_tavern_duel{s11}
mno_leavemo떠난다.
mno_leaveho들어갑니다.
mno_back_to_town_menumoHead back.{***}
mno_back_to_town_menupaHead back.{***}
mno_back_to_town_menupa2Head back.{***}
mno_defendiendo_1e젠장!
mno_defendiendo_4e돌아갑니다.
mno_defendiendo_5e뒤로.
mno_defendiendo_6e뒤로.
mno_defendiendo_8e뒤로.
mno_sacri_1s뒤로.
mno_sacri_1s2뒤로.
mno_sacri_1s3뒤로.
mno_sacri_1s4뒤로.
mno_sacri_1s5뒤로.
mno_defendiendo_1_bd뒤로.
mno_defendiendo_1_hd뒤로.
mno_defendiendo_1_ll뒤로.
menu_camp_thiaderd{s5}
mno_encounter_savefarmth들어갑니다.
mno_encounter_savefort떠난다.
mno_encounter_savefarm떠난다.
mno_choice_01_sigur들어갑니다.
menu_lugar_destruido{s4}.
menu_backfrom_frankia{s4}
menu_duel_troop_rebelion{s4}
mno_encounter_leavethething떠납니다.
mno_enter_stones가봅니다.
menu_the_speech_l{s4}
mno_follw_yes젠장.
mno_remove_yes해산시킵니다.
mno_remove_no그만둡니다.
mno_encounter_savereadingum떠난다.
menu_morrigan_lair_attack{s4}
mno_leaveslmorrigan떠난다.
menu_bresail_farm_visit{s4}
mno_enter_maelbresail들어갑니다.
mno_leave_bresail_farm떠납니다.
mno_leave_mbfort떠납니다.
mno_leave_finalmbfort떠납니다.
menu_encuentro_avituallamiento2{s4}
mno_choice_nppayment_2j젠장!
mno_defendiendo_1mal젠장!
mno_defendiendo_1vmal젠장!
menu_messenger_system_res{s4}
menu_messenger_system_follow{s4}
menu_messenger_system_gotoplace{s4}
menu_messenger_system_patrolarea{s4}
menu_messenger_system_besiegeplace{s4}
menu_messenger_system_insult{s4}
menu_messenger_system_sendgift{s4}
menu_messenger_system_sugalliance{s4}
menu_messenger_system_suggestpeace{s3}
menu_messenger_system_declarewar{s3}
mno_leave_jui들어갑니다.
menu_event_02_normal{s4}
menu_season_change{s1}
menu_player_trait{s3}
mno_continuesdb계속 진행한다.
menu_print_ships당신의 선박 종류, 이름, 품질 및 나무 종류: ^{s10}
menu_recruit_volunteers_town{s18}
menu_after_hunt{s1}
menu_set_goal_trigger_new_game{s1}
menu_set_goal_message_complete_goal{s1}
menu_auto_start_presentation{s1}